Handle,Title,Body (HTML),Vendor,Type,Tags,Published,Option1 Name,Option1 Value,Option2 Name,Option2 Value,Option3 Name,Option3 Value,Variant SKU,Variant Grams,Variant Inventory Tracker,Variant Inventory Qty,Variant Inventory Policy,Variant Fulfillment Service,Variant Price,Variant Compare At Price,Variant Requires Shipping,Variant Taxable,Variant Barcode,Image Src,Image Position,Image Alt Text,Gift Card,Variant Image,Variant Weight Unit,Status
gildan-5000-heavy-cotton-t-shirt,Gildan 5000 | Heavy Cotton T-Shirt,"<h3>Create Your Own Custom T-Shirt with Printeez!</h3>
<p>Upload your design or logo directly from your phone or computer, position it to your liking, and choose the sizes and quantities you want to order. 😎</p>
<p> </p>
<p>All orders are carefully reviewed by our team—we’ll make all necessary artwork revisions and ensure your file prints perfectly.</p>
<ul>
<li>Relaxed, unisex fit</li>
<li>5.3 oz./yd² (US) 8.8 oz./L yd (CA), 100% cotton, 20 singles</li>
<li>Rib collar</li>
<li>Taped neck and shoulders for comfort and durability<br>
</li>
<li>Responsibly sourced garment</li>
<li>Superb Printeez print quality</li>
</ul>",GTA Print Lab,Men/Unisex,"rush-production-eligible, Under 10",TRUE,Color,Black,Size,SM,# of Print Areas,1 Print Area,GILDAN_5000_BLACK_S_01,0,,,continue,manual,18.00,,TRUE,TRUE,,https://cdn.shopify.com/s/files/1/0693/6425/2915/files/5000black.jpg?v=1753357491,1,,FALSE,https://cdn.shopify.com/s/files/1/0693/6425/2915/files/black_front_ac445d26-ca58-41d5-a5ff-f70c1caecc3e.jpg?v=1753357491,kg,active
gildan-5000-heavy-cotton-t-shirt,,,,,,,,Black,,SM,,2 Print Areas,GILDAN_5000_BLACK_S_01,0,,,continue,manual,28.00,,TRUE,TRUE,,,,,,https://cdn.shopify.com/s/files/1/0693/6425/2915/files/black_front_ac445d26-ca58-41d5-a5ff-f70c1caecc3e.jpg?v=1753357491,kg,
gildan-5000-heavy-cotton-t-shirt,,,,,,,,Black,,SM,,3 Print Areas,GILDAN_5000_BLACK_S_01,0,,,continue,manual,38.00,,TRUE,TRUE,,,,,,https://cdn.shopify.com/s/files/1/0693/6425/2915/files/black_front_ac445d26-ca58-41d5-a5ff-f70c1caecc3e.jpg?v=1753357491,kg,
gildan-5000-heavy-cotton-t-shirt,,,,,,,,Black,,SM,,4 Print Areas,GILDAN_5000_BLACK_S_01,0,,,continue,manual,48.00,,TRUE,TRUE,,,,,,https://cdn.shopify.com/s/files/1/0693/6425/2915/files/black_front_ac445d26-ca58-41d5-a5ff-f70c1caecc3e.jpg?v=1753357491,kg,
gildan-5000-heavy-cotton-t-shirt,,,,,,,,Black,,MD,,1 Print Area,GILDAN_5000_BLACK_M_02,0,,,continue,manual,18.00,,TRUE,TRUE,,,,,,https://cdn.shopify.com/s/files/1/0693/6425/2915/files/black_front_ac445d26-ca58-41d5-a5ff-f70c1caecc3e.jpg?v=1753357491,kg,
gildan-5000-heavy-cotton-t-shirt,,,,,,,,Black,,MD,,2 Print Areas,GILDAN_5000_BLACK_M_02,0,,,continue,manual,28.00,,TRUE,TRUE,,,,,,https://cdn.shopify.com/s/files/1/0693/6425/2915/files/black_front_ac445d26-ca58-41d5-a5ff-f70c1caecc3e.jpg?v=1753357491,kg,
gildan-5000-heavy-cotton-t-shirt,,,,,,,,Black,,MD,,3 Print Areas,GILDAN_5000_BLACK_M_02,0,,,continue,manual,38.00,,TRUE,TRUE,,,,,,https://cdn.shopify.com/s/files/1/0693/6425/2915/files/black_front_ac445d26-ca58-41d5-a5ff-f70c1caecc3e.jpg?v=1753357491,kg,
gildan-5000-heavy-cotton-t-shirt,,,,,,,,Black,,MD,,4 Print Areas,GILDAN_5000_BLACK_M_02,0,,,continue,manual,48.00,,TRUE,TRUE,,,,,,https://cdn.shopify.com/s/files/1/0693/6425/2915/files/black_front_ac445d26-ca58-41d5-a5ff-f70c1caecc3e.jpg?v=1753357491,kg,
gildan-5000-heavy-cotton-t-shirt,,,,,,,,Black,,LG,,1 Print Area,GILDAN_5000_BLACK_L_03,0,,,continue,manual,18.00,,TRUE,TRUE,,,,,,https://cdn.shopify.com/s/files/1/0693/6425/2915/files/black_front_ac445d26-ca58-41d5-a5ff-f70c1caecc3e.jpg?v=1753357491,kg,
gildan-5000-heavy-cotton-t-shirt,,,,,,,,Black,,LG,,2 Print Areas,GILDAN_5000_BLACK_L_03,0,,,continue,manual,28.00,,TRUE,TRUE,,,,,,https://cdn.shopify.com/s/files/1/0693/6425/2915/files/black_front_ac445d26-ca58-41d5-a5ff-f70c1caecc3e.jpg?v=1753357491,kg,
gildan-5000-heavy-cotton-t-shirt,,,,,,,,Black,,LG,,3 Print Areas,GILDAN_5000_BLACK_L_03,0,,,continue,manual,38.00,,TRUE,TRUE,,,,,,https://cdn.shopify.com/s/files/1/0693/6425/2915/files/black_front_ac445d26-ca58-41d5-a5ff-f70c1caecc3e.jpg?v=1753357491,kg,
gildan-5000-heavy-cotton-t-shirt,,,,,,,,Black,,LG,,4 Print Areas,GILDAN_5000_BLACK_L_03,0,,,continue,manual,48.00,,TRUE,TRUE,,,,,,https://cdn.shopify.com/s/files/1/0693/6425/2915/files/black_front_ac445d26-ca58-41d5-a5ff-f70c1caecc3e.jpg?v=1753357491,kg,
gildan-5000-heavy-cotton-t-shirt,,,,,,,,Black,,XL,,1 Print Area,GILDAN_5000_BLACK_XL_04,0,,,continue,manual,18.00,,TRUE,TRUE,,,,,,https://cdn.shopify.com/s/files/1/0693/6425/2915/files/black_front_ac445d26-ca58-41d5-a5ff-f70c1caecc3e.jpg?v=1753357491,kg,
gildan-5000-heavy-cotton-t-shirt,,,,,,,,Black,,XL,,2 Print Areas,GILDAN_5000_BLACK_XL_04,0,,,continue,manual,28.00,,TRUE,TRUE,,,,,,https://cdn.shopify.com/s/files/1/0693/6425/2915/files/black_front_ac445d26-ca58-41d5-a5ff-f70c1caecc3e.jpg?v=1753357491,kg,
gildan-5000-heavy-cotton-t-shirt,,,,,,,,Black,,XL,,3 Print Areas,GILDAN_5000_BLACK_XL_04,0,,,continue,manual,38.00,,TRUE,TRUE,,,,,,https://cdn.shopify.com/s/files/1/0693/6425/2915/files/black_front_ac445d26-ca58-41d5-a5ff-f70c1caecc3e.jpg?v=1753357491,kg,
gildan-5000-heavy-cotton-t-shirt,,,,,,,,Black,,XL,,4 Print Areas,GILDAN_5000_BLACK_XL_04,0,,,continue,manual,48.00,,TRUE,TRUE,,,,,,https://cdn.shopify.com/s/files/1/0693/6425/2915/files/black_front_ac445d26-ca58-41d5-a5ff-f70c1caecc3e.jpg?v=1753357491,kg,
gildan-5000-heavy-cotton-t-shirt,,,,,,,,Black,,2XL,,1 Print Area,GILDAN_5000_BLACK_2XL_05,0,,,continue,manual,22.00,,TRUE,TRUE,,,,,,https://cdn.shopify.com/s/files/1/0693/6425/2915/files/black_front_ac445d26-ca58-41d5-a5ff-f70c1caecc3e.jpg?v=1753357491,kg,
gildan-5000-heavy-cotton-t-shirt,,,,,,,,Black,,2XL,,2 Print Areas,GILDAN_5000_BLACK_2XL_05,0,,,continue,manual,32.00,,TRUE,TRUE,,,,,,https://cdn.shopify.com/s/files/1/0693/6425/2915/files/black_front_ac445d26-ca58-41d5-a5ff-f70c1caecc3e.jpg?v=1753357491,kg,
gildan-5000-heavy-cotton-t-shirt,,,,,,,,Black,,2XL,,3 Print Areas,GILDAN_5000_BLACK_2XL_05,0,,,continue,manual,42.00,,TRUE,TRUE,,,,,,https://cdn.shopify.com/s/files/1/0693/6425/2915/files/black_front_ac445d26-ca58-41d5-a5ff-f70c1caecc3e.jpg?v=1753357491,kg,
gildan-5000-heavy-cotton-t-shirt,,,,,,,,Black,,2XL,,4 Print Areas,GILDAN_5000_BLACK_2XL_05,0,,,continue,manual,52.00,,TRUE,TRUE,,,,,,https://cdn.shopify.com/s/files/1/0693/6425/2915/files/black_front_ac445d26-ca58-41d5-a5ff-f70c1caecc3e.jpg?v=1753357491,kg,
gildan-5000-heavy-cotton-t-shirt,,,,,,,,Black,,3XL,,1 Print Area,GILDAN_5000_BLACK_3XL_06,0,,,continue,manual,24.00,,TRUE,TRUE,,,,,,https://cdn.shopify.com/s/files/1/0693/6425/2915/files/black_front_ac445d26-ca58-41d5-a5ff-f70c1caecc3e.jpg?v=1753357491,kg,
gildan-5000-heavy-cotton-t-shirt,,,,,,,,Black,,3XL,,2 Print Areas,GILDAN_5000_BLACK_3XL_06,0,,,continue,manual,34.00,,TRUE,TRUE,,,,,,https://cdn.shopify.com/s/files/1/0693/6425/2915/files/black_front_ac445d26-ca58-41d5-a5ff-f70c1caecc3e.jpg?v=1753357491,kg,
gildan-5000-heavy-cotton-t-shirt,,,,,,,,Black,,3XL,,3 Print Areas,GILDAN_5000_BLACK_3XL_06,0,,,continue,manual,44.00,,TRUE,TRUE,,,,,,https://cdn.shopify.com/s/files/1/0693/6425/2915/files/black_front_ac445d26-ca58-41d5-a5ff-f70c1caecc3e.jpg?v=1753357491,kg,
gildan-5000-heavy-cotton-t-shirt,,,,,,,,Black,,3XL,,4 Print Areas,GILDAN_5000_BLACK_3XL_06,0,,,continue,manual,54.00,,TRUE,TRUE,,,,,,https://cdn.shopify.com/s/files/1/0693/6425/2915/files/black_front_ac445d26-ca58-41d5-a5ff-f70c1caecc3e.jpg?v=1753357491,kg,
gildan-5000-heavy-cotton-t-shirt,,,,,,,,Black,,4XL,,1 Print Area,GILDAN_5000_BLACK_4XL_07,0,,,continue,manual,24.00,,TRUE,TRUE,,,,,,https://cdn.shopify.com/s/files/1/0693/6425/2915/files/black_front_ac445d26-ca58-41d5-a5ff-f70c1caecc3e.jpg?v=1753357491,kg,
gildan-5000-heavy-cotton-t-shirt,,,,,,,,Black,,4XL,,2 Print Areas,GILDAN_5000_BLACK_4XL_07,0,,,continue,manual,34.00,,TRUE,TRUE,,,,,,https://cdn.shopify.com/s/files/1/0693/6425/2915/files/black_front_ac445d26-ca58-41d5-a5ff-f70c1caecc3e.jpg?v=1753357491,kg,
gildan-5000-heavy-cotton-t-shirt,,,,,,,,Black,,4XL,,3 Print Areas,GILDAN_5000_BLACK_4XL_07,0,,,continue,manual,44.00,,TRUE,TRUE,,,,,,https://cdn.shopify.com/s/files/1/0693/6425/2915/files/black_front_ac445d26-ca58-41d5-a5ff-f70c1caecc3e.jpg?v=1753357491,kg,
gildan-5000-heavy-cotton-t-shirt,,,,,,,,Black,,4XL,,4 Print Areas,GILDAN_5000_BLACK_4XL_07,0,,,continue,manual,54.00,,TRUE,TRUE,,,,,,https://cdn.shopify.com/s/files/1/0693/6425/2915/files/black_front_ac445d26-ca58-41d5-a5ff-f70c1caecc3e.jpg?v=1753357491,kg,
gildan-5000-heavy-cotton-t-shirt,,,,,,,,Black,,5XL,,1 Print Area,GILDAN_5000_BLACK_5XL_08,0,,,continue,manual,24.00,,TRUE,TRUE,,,,,,https://cdn.shopify.com/s/files/1/0693/6425/2915/files/black_front_ac445d26-ca58-41d5-a5ff-f70c1caecc3e.jpg?v=1753357491,kg,
gildan-5000-heavy-cotton-t-shirt,,,,,,,,Black,,5XL,,2 Print Areas,GILDAN_5000_BLACK_5XL_08,0,,,continue,manual,34.00,,TRUE,TRUE,,,,,,https://cdn.shopify.com/s/files/1/0693/6425/2915/files/black_front_ac445d26-ca58-41d5-a5ff-f70c1caecc3e.jpg?v=1753357491,kg,
gildan-5000-heavy-cotton-t-shirt,,,,,,,,Black,,5XL,,3 Print Areas,GILDAN_5000_BLACK_5XL_08,0,,,continue,manual,44.00,,TRUE,TRUE,,,,,,https://cdn.shopify.com/s/files/1/0693/6425/2915/files/black_front_ac445d26-ca58-41d5-a5ff-f70c1caecc3e.jpg?v=1753357491,kg,
gildan-5000-heavy-cotton-t-shirt,,,,,,,,Black,,5XL,,4 Print Areas,GILDAN_5000_BLACK_5XL_08,0,,,continue,manual,54.00,,TRUE,TRUE,,,,,,https://cdn.shopify.com/s/files/1/0693/6425/2915/files/black_front_ac445d26-ca58-41d5-a5ff-f70c1caecc3e.jpg?v=1753357491,kg,
gildan-5000-heavy-cotton-t-shirt,,,,,,,,White,,SM,,1 Print Area,GILDAN_5000_WHITE_S_01,0,,,continue,manual,18.00,,TRUE,TRUE,,,,,,https://cdn.shopify.com/s/files/1/0693/6425/2915/files/white_front_57200f79-432e-4254-92f8-434dce4f15f0.jpg?v=1753357491,kg,
gildan-5000-heavy-cotton-t-shirt,,,,,,,,White,,SM,,2 Print Areas,GILDAN_5000_WHITE_S_01,0,,,continue,manual,28.00,,TRUE,TRUE,,,,,,https://cdn.shopify.com/s/files/1/0693/6425/2915/files/white_front_57200f79-432e-4254-92f8-434dce4f15f0.jpg?v=1753357491,kg,
gildan-5000-heavy-cotton-t-shirt,,,,,,,,White,,SM,,3 Print Areas,GILDAN_5000_WHITE_S_01,0,,,continue,manual,38.00,,TRUE,TRUE,,,,,,https://cdn.shopify.com/s/files/1/0693/6425/2915/files/white_front_57200f79-432e-4254-92f8-434dce4f15f0.jpg?v=1753357491,kg,
gildan-5000-heavy-cotton-t-shirt,,,,,,,,White,,SM,,4 Print Areas,GILDAN_5000_WHITE_S_01,0,,,continue,manual,48.00,,TRUE,TRUE,,,,,,https://cdn.shopify.com/s/files/1/0693/6425/2915/files/white_front_57200f79-432e-4254-92f8-434dce4f15f0.jpg?v=1753357491,kg,
gildan-5000-heavy-cotton-t-shirt,,,,,,,,White,,MD,,1 Print Area,GILDAN_5000_WHITE_M_02,0,,,continue,manual,18.00,,TRUE,TRUE,,,,,,https://cdn.shopify.com/s/files/1/0693/6425/2915/files/white_front_57200f79-432e-4254-92f8-434dce4f15f0.jpg?v=1753357491,kg,
gildan-5000-heavy-cotton-t-shirt,,,,,,,,White,,MD,,2 Print Areas,GILDAN_5000_WHITE_M_02,0,,,continue,manual,28.00,,TRUE,TRUE,,,,,,https://cdn.shopify.com/s/files/1/0693/6425/2915/files/white_front_57200f79-432e-4254-92f8-434dce4f15f0.jpg?v=1753357491,kg,
gildan-5000-heavy-cotton-t-shirt,,,,,,,,White,,MD,,3 Print Areas,GILDAN_5000_WHITE_M_02,0,,,continue,manual,38.00,,TRUE,TRUE,,,,,,https://cdn.shopify.com/s/files/1/0693/6425/2915/files/white_front_57200f79-432e-4254-92f8-434dce4f15f0.jpg?v=1753357491,kg,
gildan-5000-heavy-cotton-t-shirt,,,,,,,,White,,MD,,4 Print Areas,GILDAN_5000_WHITE_M_02,0,,,continue,manual,48.00,,TRUE,TRUE,,,,,,https://cdn.shopify.com/s/files/1/0693/6425/2915/files/white_front_57200f79-432e-4254-92f8-434dce4f15f0.jpg?v=1753357491,kg,
gildan-5000-heavy-cotton-t-shirt,,,,,,,,White,,LG,,1 Print Area,GILDAN_5000_WHITE_L_03,0,,,continue,manual,18.00,,TRUE,TRUE,,,,,,https://cdn.shopify.com/s/files/1/0693/6425/2915/files/white_front_57200f79-432e-4254-92f8-434dce4f15f0.jpg?v=1753357491,kg,
gildan-5000-heavy-cotton-t-shirt,,,,,,,,White,,LG,,2 Print Areas,GILDAN_5000_WHITE_L_03,0,,,continue,manual,28.00,,TRUE,TRUE,,,,,,https://cdn.shopify.com/s/files/1/0693/6425/2915/files/white_front_57200f79-432e-4254-92f8-434dce4f15f0.jpg?v=1753357491,kg,
gildan-5000-heavy-cotton-t-shirt,,,,,,,,White,,LG,,3 Print Areas,GILDAN_5000_WHITE_L_03,0,,,continue,manual,38.00,,TRUE,TRUE,,,,,,https://cdn.shopify.com/s/files/1/0693/6425/2915/files/white_front_57200f79-432e-4254-92f8-434dce4f15f0.jpg?v=1753357491,kg,
gildan-5000-heavy-cotton-t-shirt,,,,,,,,White,,LG,,4 Print Areas,GILDAN_5000_WHITE_L_03,0,,,continue,manual,48.00,,TRUE,TRUE,,,,,,https://cdn.shopify.com/s/files/1/0693/6425/2915/files/white_front_57200f79-432e-4254-92f8-434dce4f15f0.jpg?v=1753357491,kg,
gildan-5000-heavy-cotton-t-shirt,,,,,,,,White,,XL,,1 Print Area,GILDAN_5000_WHITE_XL_04,0,,,continue,manual,18.00,,TRUE,TRUE,,,,,,https://cdn.shopify.com/s/files/1/0693/6425/2915/files/white_front_57200f79-432e-4254-92f8-434dce4f15f0.jpg?v=1753357491,kg,
gildan-5000-heavy-cotton-t-shirt,,,,,,,,White,,XL,,2 Print Areas,GILDAN_5000_WHITE_XL_04,0,,,continue,manual,28.00,,TRUE,TRUE,,,,,,https://cdn.shopify.com/s/files/1/0693/6425/2915/files/white_front_57200f79-432e-4254-92f8-434dce4f15f0.jpg?v=1753357491,kg,
gildan-5000-heavy-cotton-t-shirt,,,,,,,,White,,XL,,3 Print Areas,GILDAN_5000_WHITE_XL_04,0,,,continue,manual,38.00,,TRUE,TRUE,,,,,,https://cdn.shopify.com/s/files/1/0693/6425/2915/files/white_front_57200f79-432e-4254-92f8-434dce4f15f0.jpg?v=1753357491,kg,
gildan-5000-heavy-cotton-t-shirt,,,,,,,,White,,XL,,4 Print Areas,GILDAN_5000_WHITE_XL_04,0,,,continue,manual,48.00,,TRUE,TRUE,,,,,,https://cdn.shopify.com/s/files/1/0693/6425/2915/files/white_front_57200f79-432e-4254-92f8-434dce4f15f0.jpg?v=1753357491,kg,
gildan-5000-heavy-cotton-t-shirt,,,,,,,,White,,2XL,,1 Print Area,GILDAN_5000_WHITE_2XL_05,0,,,continue,manual,22.00,,TRUE,TRUE,,,,,,https://cdn.shopify.com/s/files/1/0693/6425/2915/files/white_front_57200f79-432e-4254-92f8-434dce4f15f0.jpg?v=1753357491,kg,
gildan-5000-heavy-cotton-t-shirt,,,,,,,,White,,2XL,,2 Print Areas,GILDAN_5000_WHITE_2XL_05,0,,,continue,manual,32.00,,TRUE,TRUE,,,,,,https://cdn.shopify.com/s/files/1/0693/6425/2915/files/white_front_57200f79-432e-4254-92f8-434dce4f15f0.jpg?v=1753357491,kg,
gildan-5000-heavy-cotton-t-shirt,,,,,,,,White,,2XL,,3 Print Areas,GILDAN_5000_WHITE_2XL_05,0,,,continue,manual,42.00,,TRUE,TRUE,,,,,,https://cdn.shopify.com/s/files/1/0693/6425/2915/files/white_front_57200f79-432e-4254-92f8-434dce4f15f0.jpg?v=1753357491,kg,
gildan-5000-heavy-cotton-t-shirt,,,,,,,,White,,2XL,,4 Print Areas,GILDAN_5000_WHITE_2XL_05,0,,,continue,manual,52.00,,TRUE,TRUE,,,,,,https://cdn.shopify.com/s/files/1/0693/6425/2915/files/white_front_57200f79-432e-4254-92f8-434dce4f15f0.jpg?v=1753357491,kg,
gildan-5000-heavy-cotton-t-shirt,,,,,,,,White,,3XL,,1 Print Area,GILDAN_5000_WHITE_3XL_06,0,,,continue,manual,24.00,,TRUE,TRUE,,,,,,https://cdn.shopify.com/s/files/1/0693/6425/2915/files/white_front_57200f79-432e-4254-92f8-434dce4f15f0.jpg?v=1753357491,kg,
gildan-5000-heavy-cotton-t-shirt,,,,,,,,White,,3XL,,2 Print Areas,GILDAN_5000_WHITE_3XL_06,0,,,continue,manual,34.00,,TRUE,TRUE,,,,,,https://cdn.shopify.com/s/files/1/0693/6425/2915/files/white_front_57200f79-432e-4254-92f8-434dce4f15f0.jpg?v=1753357491,kg,
gildan-5000-heavy-cotton-t-shirt,,,,,,,,White,,3XL,,3 Print Areas,GILDAN_5000_WHITE_3XL_06,0,,,continue,manual,44.00,,TRUE,TRUE,,,,,,https://cdn.shopify.com/s/files/1/0693/6425/2915/files/white_front_57200f79-432e-4254-92f8-434dce4f15f0.jpg?v=1753357491,kg,
gildan-5000-heavy-cotton-t-shirt,,,,,,,,White,,3XL,,4 Print Areas,GILDAN_5000_WHITE_3XL_06,0,,,continue,manual,54.00,,TRUE,TRUE,,,,,,https://cdn.shopify.com/s/files/1/0693/6425/2915/files/white_front_57200f79-432e-4254-92f8-434dce4f15f0.jpg?v=1753357491,kg,
gildan-5000-heavy-cotton-t-shirt,,,,,,,,White,,4XL,,1 Print Area,GILDAN_5000_WHITE_4XL_07,0,,,continue,manual,24.00,,TRUE,TRUE,,,,,,https://cdn.shopify.com/s/files/1/0693/6425/2915/files/white_front_57200f79-432e-4254-92f8-434dce4f15f0.jpg?v=1753357491,kg,
gildan-5000-heavy-cotton-t-shirt,,,,,,,,White,,4XL,,2 Print Areas,GILDAN_5000_WHITE_4XL_07,0,,,continue,manual,34.00,,TRUE,TRUE,,,,,,https://cdn.shopify.com/s/files/1/0693/6425/2915/files/white_front_57200f79-432e-4254-92f8-434dce4f15f0.jpg?v=1753357491,kg,
gildan-5000-heavy-cotton-t-shirt,,,,,,,,White,,4XL,,3 Print Areas,GILDAN_5000_WHITE_4XL_07,0,,,continue,manual,44.00,,TRUE,TRUE,,,,,,https://cdn.shopify.com/s/files/1/0693/6425/2915/files/white_front_57200f79-432e-4254-92f8-434dce4f15f0.jpg?v=1753357491,kg,
gildan-5000-heavy-cotton-t-shirt,,,,,,,,White,,4XL,,4 Print Areas,GILDAN_5000_WHITE_4XL_07,0,,,continue,manual,54.00,,TRUE,TRUE,,,,,,https://cdn.shopify.com/s/files/1/0693/6425/2915/files/white_front_57200f79-432e-4254-92f8-434dce4f15f0.jpg?v=1753357491,kg,
gildan-5000-heavy-cotton-t-shirt,,,,,,,,White,,5XL,,1 Print Area,GILDAN_5000_WHITE_5XL_08,0,,,continue,manual,24.00,,TRUE,TRUE,,,,,,https://cdn.shopify.com/s/files/1/0693/6425/2915/files/white_front_57200f79-432e-4254-92f8-434dce4f15f0.jpg?v=1753357491,kg,
gildan-5000-heavy-cotton-t-shirt,,,,,,,,White,,5XL,,2 Print Areas,GILDAN_5000_WHITE_5XL_08,0,,,continue,manual,34.00,,TRUE,TRUE,,,,,,https://cdn.shopify.com/s/files/1/0693/6425/2915/files/white_front_57200f79-432e-4254-92f8-434dce4f15f0.jpg?v=1753357491,kg,
gildan-5000-heavy-cotton-t-shirt,,,,,,,,White,,5XL,,3 Print Areas,GILDAN_5000_WHITE_5XL_08,0,,,continue,manual,44.00,,TRUE,TRUE,,,,,,https://cdn.shopify.com/s/files/1/0693/6425/2915/files/white_front_57200f79-432e-4254-92f8-434dce4f15f0.jpg?v=1753357491,kg,
gildan-5000-heavy-cotton-t-shirt,,,,,,,,White,,5XL,,4 Print Areas,GILDAN_5000_WHITE_5XL_08,0,,,continue,manual,54.00,,TRUE,TRUE,,,,,,https://cdn.shopify.com/s/files/1/0693/6425/2915/files/white_front_57200f79-432e-4254-92f8-434dce4f15f0.jpg?v=1753357491,kg,
gildan-5000-heavy-cotton-t-shirt,,,,,,,,Ash,,SM,,1 Print Area,GILDAN_5000_ASH_S_01,0,,,continue,manual,18.00,,TRUE,TRUE,,,,,,https://cdn.shopify.com/s/files/1/0693/6425/2915/files/1200W-625-Ash-12-5000AshFlatFront3.jpg?v=1753357510,kg,
gildan-5000-heavy-cotton-t-shirt,,,,,,,,Ash,,SM,,2 Print Areas,GILDAN_5000_ASH_S_01,0,,,continue,manual,28.00,,TRUE,TRUE,,,,,,https://cdn.shopify.com/s/files/1/0693/6425/2915/files/1200W-625-Ash-12-5000AshFlatFront3.jpg?v=1753357510,kg,
gildan-5000-heavy-cotton-t-shirt,,,,,,,,Ash,,SM,,3 Print Areas,GILDAN_5000_ASH_S_01,0,,,continue,manual,38.00,,TRUE,TRUE,,,,,,https://cdn.shopify.com/s/files/1/0693/6425/2915/files/1200W-625-Ash-12-5000AshFlatFront3.jpg?v=1753357510,kg,
gildan-5000-heavy-cotton-t-shirt,,,,,,,,Ash,,SM,,4 Print Areas,GILDAN_5000_ASH_S_01,0,,,continue,manual,48.00,,TRUE,TRUE,,,,,,https://cdn.shopify.com/s/files/1/0693/6425/2915/files/1200W-625-Ash-12-5000AshFlatFront3.jpg?v=1753357510,kg,
gildan-5000-heavy-cotton-t-shirt,,,,,,,,Ash,,MD,,1 Print Area,GILDAN_5000_ASH_M_02,0,,,continue,manual,18.00,,TRUE,TRUE,,,,,,https://cdn.shopify.com/s/files/1/0693/6425/2915/files/1200W-625-Ash-12-5000AshFlatFront3.jpg?v=1753357510,kg,
gildan-5000-heavy-cotton-t-shirt,,,,,,,,Ash,,MD,,2 Print Areas,GILDAN_5000_ASH_M_02,0,,,continue,manual,28.00,,TRUE,TRUE,,,,,,https://cdn.shopify.com/s/files/1/0693/6425/2915/files/1200W-625-Ash-12-5000AshFlatFront3.jpg?v=1753357510,kg,
gildan-5000-heavy-cotton-t-shirt,,,,,,,,Ash,,MD,,3 Print Areas,GILDAN_5000_ASH_M_02,0,,,continue,manual,38.00,,TRUE,TRUE,,,,,,https://cdn.shopify.com/s/files/1/0693/6425/2915/files/1200W-625-Ash-12-5000AshFlatFront3.jpg?v=1753357510,kg,
gildan-5000-heavy-cotton-t-shirt,,,,,,,,Ash,,MD,,4 Print Areas,GILDAN_5000_ASH_M_02,0,,,continue,manual,48.00,,TRUE,TRUE,,,,,,https://cdn.shopify.com/s/files/1/0693/6425/2915/files/1200W-625-Ash-12-5000AshFlatFront3.jpg?v=1753357510,kg,
gildan-5000-heavy-cotton-t-shirt,,,,,,,,Ash,,LG,,1 Print Area,GILDAN_5000_ASH_L_03,0,,,continue,manual,18.00,,TRUE,TRUE,,,,,,https://cdn.shopify.com/s/files/1/0693/6425/2915/files/1200W-625-Ash-12-5000AshFlatFront3.jpg?v=1753357510,kg,
gildan-5000-heavy-cotton-t-shirt,,,,,,,,Ash,,LG,,2 Print Areas,GILDAN_5000_ASH_L_03,0,,,continue,manual,28.00,,TRUE,TRUE,,,,,,https://cdn.shopify.com/s/files/1/0693/6425/2915/files/1200W-625-Ash-12-5000AshFlatFront3.jpg?v=1753357510,kg,
gildan-5000-heavy-cotton-t-shirt,,,,,,,,Ash,,LG,,3 Print Areas,GILDAN_5000_ASH_L_03,0,,,continue,manual,38.00,,TRUE,TRUE,,,,,,https://cdn.shopify.com/s/files/1/0693/6425/2915/files/1200W-625-Ash-12-5000AshFlatFront3.jpg?v=1753357510,kg,
gildan-5000-heavy-cotton-t-shirt,,,,,,,,Ash,,LG,,4 Print Areas,GILDAN_5000_ASH_L_03,0,,,continue,manual,48.00,,TRUE,TRUE,,,,,,https://cdn.shopify.com/s/files/1/0693/6425/2915/files/1200W-625-Ash-12-5000AshFlatFront3.jpg?v=1753357510,kg,
gildan-5000-heavy-cotton-t-shirt,,,,,,,,Ash,,XL,,1 Print Area,GILDAN_5000_ASH_XL_04,0,,,continue,manual,18.00,,TRUE,TRUE,,,,,,https://cdn.shopify.com/s/files/1/0693/6425/2915/files/1200W-625-Ash-12-5000AshFlatFront3.jpg?v=1753357510,kg,
gildan-5000-heavy-cotton-t-shirt,,,,,,,,Ash,,XL,,2 Print Areas,GILDAN_5000_ASH_XL_04,0,,,continue,manual,28.00,,TRUE,TRUE,,,,,,https://cdn.shopify.com/s/files/1/0693/6425/2915/files/1200W-625-Ash-12-5000AshFlatFront3.jpg?v=1753357510,kg,
gildan-5000-heavy-cotton-t-shirt,,,,,,,,Ash,,XL,,3 Print Areas,GILDAN_5000_ASH_XL_04,0,,,continue,manual,38.00,,TRUE,TRUE,,,,,,https://cdn.shopify.com/s/files/1/0693/6425/2915/files/1200W-625-Ash-12-5000AshFlatFront3.jpg?v=1753357510,kg,
gildan-5000-heavy-cotton-t-shirt,,,,,,,,Ash,,XL,,4 Print Areas,GILDAN_5000_ASH_XL_04,0,,,continue,manual,48.00,,TRUE,TRUE,,,,,,https://cdn.shopify.com/s/files/1/0693/6425/2915/files/1200W-625-Ash-12-5000AshFlatFront3.jpg?v=1753357510,kg,
gildan-5000-heavy-cotton-t-shirt,,,,,,,,Ash,,2XL,,1 Print Area,GILDAN_5000_ASH_2XL_05,0,,,continue,manual,22.00,,TRUE,TRUE,,,,,,https://cdn.shopify.com/s/files/1/0693/6425/2915/files/1200W-625-Ash-12-5000AshFlatFront3.jpg?v=1753357510,kg,
gildan-5000-heavy-cotton-t-shirt,,,,,,,,Ash,,2XL,,2 Print Areas,GILDAN_5000_ASH_2XL_05,0,,,continue,manual,32.00,,TRUE,TRUE,,,,,,https://cdn.shopify.com/s/files/1/0693/6425/2915/files/1200W-625-Ash-12-5000AshFlatFront3.jpg?v=1753357510,kg,
gildan-5000-heavy-cotton-t-shirt,,,,,,,,Ash,,2XL,,3 Print Areas,GILDAN_5000_ASH_2XL_05,0,,,continue,manual,42.00,,TRUE,TRUE,,,,,,https://cdn.shopify.com/s/files/1/0693/6425/2915/files/1200W-625-Ash-12-5000AshFlatFront3.jpg?v=1753357510,kg,
gildan-5000-heavy-cotton-t-shirt,,,,,,,,Ash,,2XL,,4 Print Areas,GILDAN_5000_ASH_2XL_05,0,,,continue,manual,52.00,,TRUE,TRUE,,,,,,https://cdn.shopify.com/s/files/1/0693/6425/2915/files/1200W-625-Ash-12-5000AshFlatFront3.jpg?v=1753357510,kg,
gildan-5000-heavy-cotton-t-shirt,,,,,,,,Ash,,3XL,,1 Print Area,GILDAN_5000_ASH_3XL_06,0,,,continue,manual,24.00,,TRUE,TRUE,,,,,,https://cdn.shopify.com/s/files/1/0693/6425/2915/files/1200W-625-Ash-12-5000AshFlatFront3.jpg?v=1753357510,kg,
gildan-5000-heavy-cotton-t-shirt,,,,,,,,Ash,,3XL,,2 Print Areas,GILDAN_5000_ASH_3XL_06,0,,,continue,manual,34.00,,TRUE,TRUE,,,,,,https://cdn.shopify.com/s/files/1/0693/6425/2915/files/1200W-625-Ash-12-5000AshFlatFront3.jpg?v=1753357510,kg,
gildan-5000-heavy-cotton-t-shirt,,,,,,,,Ash,,3XL,,3 Print Areas,GILDAN_5000_ASH_3XL_06,0,,,continue,manual,44.00,,TRUE,TRUE,,,,,,https://cdn.shopify.com/s/files/1/0693/6425/2915/files/1200W-625-Ash-12-5000AshFlatFront3.jpg?v=1753357510,kg,
gildan-5000-heavy-cotton-t-shirt,,,,,,,,Ash,,3XL,,4 Print Areas,GILDAN_5000_ASH_3XL_06,0,,,continue,manual,54.00,,TRUE,TRUE,,,,,,https://cdn.shopify.com/s/files/1/0693/6425/2915/files/1200W-625-Ash-12-5000AshFlatFront3.jpg?v=1753357510,kg,
gildan-5000-heavy-cotton-t-shirt,,,,,,,,Ash,,4XL,,1 Print Area,GILDAN_5000_ASH_4XL_07,0,,,continue,manual,24.00,,TRUE,TRUE,,,,,,https://cdn.shopify.com/s/files/1/0693/6425/2915/files/1200W-625-Ash-12-5000AshFlatFront3.jpg?v=1753357510,kg,
gildan-5000-heavy-cotton-t-shirt,,,,,,,,Ash,,4XL,,2 Print Areas,GILDAN_5000_ASH_4XL_07,0,,,continue,manual,34.00,,TRUE,TRUE,,,,,,https://cdn.shopify.com/s/files/1/0693/6425/2915/files/1200W-625-Ash-12-5000AshFlatFront3.jpg?v=1753357510,kg,
gildan-5000-heavy-cotton-t-shirt,,,,,,,,Ash,,4XL,,3 Print Areas,GILDAN_5000_ASH_4XL_07,0,,,continue,manual,44.00,,TRUE,TRUE,,,,,,https://cdn.shopify.com/s/files/1/0693/6425/2915/files/1200W-625-Ash-12-5000AshFlatFront3.jpg?v=1753357510,kg,
gildan-5000-heavy-cotton-t-shirt,,,,,,,,Ash,,4XL,,4 Print Areas,GILDAN_5000_ASH_4XL_07,0,,,continue,manual,54.00,,TRUE,TRUE,,,,,,https://cdn.shopify.com/s/files/1/0693/6425/2915/files/1200W-625-Ash-12-5000AshFlatFront3.jpg?v=1753357510,kg,
gildan-5000-heavy-cotton-t-shirt,,,,,,,,Ash,,5XL,,1 Print Area,GILDAN_5000_ASH_5XL_08,0,,,continue,manual,24.00,,TRUE,TRUE,,,,,,https://cdn.shopify.com/s/files/1/0693/6425/2915/files/1200W-625-Ash-12-5000AshFlatFront3.jpg?v=1753357510,kg,
gildan-5000-heavy-cotton-t-shirt,,,,,,,,Ash,,5XL,,2 Print Areas,GILDAN_5000_ASH_5XL_08,0,,,continue,manual,34.00,,TRUE,TRUE,,,,,,https://cdn.shopify.com/s/files/1/0693/6425/2915/files/1200W-625-Ash-12-5000AshFlatFront3.jpg?v=1753357510,kg,
gildan-5000-heavy-cotton-t-shirt,,,,,,,,Ash,,5XL,,3 Print Areas,GILDAN_5000_ASH_5XL_08,0,,,continue,manual,44.00,,TRUE,TRUE,,,,,,https://cdn.shopify.com/s/files/1/0693/6425/2915/files/1200W-625-Ash-12-5000AshFlatFront3.jpg?v=1753357510,kg,
gildan-5000-heavy-cotton-t-shirt,,,,,,,,Ash,,5XL,,4 Print Areas,GILDAN_5000_ASH_5XL_08,0,,,continue,manual,54.00,,TRUE,TRUE,,,,,,https://cdn.shopify.com/s/files/1/0693/6425/2915/files/1200W-625-Ash-12-5000AshFlatFront3.jpg?v=1753357510,kg,
gildan-5000-heavy-cotton-t-shirt,,,,,,,,Charcoal,,SM,,1 Print Area,GILDAN_5000_CHARCOAL_S_01,0,,,continue,manual,18.00,,TRUE,TRUE,,,,,,https://cdn.shopify.com/s/files/1/0693/6425/2915/files/charcoal_front.jpg?v=1753357491,kg,
gildan-5000-heavy-cotton-t-shirt,,,,,,,,Charcoal,,SM,,2 Print Areas,GILDAN_5000_CHARCOAL_S_01,0,,,continue,manual,28.00,,TRUE,TRUE,,,,,,https://cdn.shopify.com/s/files/1/0693/6425/2915/files/charcoal_front.jpg?v=1753357491,kg,
gildan-5000-heavy-cotton-t-shirt,,,,,,,,Charcoal,,SM,,3 Print Areas,GILDAN_5000_CHARCOAL_S_01,0,,,continue,manual,38.00,,TRUE,TRUE,,,,,,https://cdn.shopify.com/s/files/1/0693/6425/2915/files/charcoal_front.jpg?v=1753357491,kg,
gildan-5000-heavy-cotton-t-shirt,,,,,,,,Charcoal,,SM,,4 Print Areas,GILDAN_5000_CHARCOAL_S_01,0,,,continue,manual,48.00,,TRUE,TRUE,,,,,,https://cdn.shopify.com/s/files/1/0693/6425/2915/files/charcoal_front.jpg?v=1753357491,kg,
gildan-5000-heavy-cotton-t-shirt,,,,,,,,Charcoal,,MD,,1 Print Area,GILDAN_5000_CHARCOAL_M_02,0,,,continue,manual,18.00,,TRUE,TRUE,,,,,,https://cdn.shopify.com/s/files/1/0693/6425/2915/files/charcoal_front.jpg?v=1753357491,kg,
gildan-5000-heavy-cotton-t-shirt,,,,,,,,Charcoal,,MD,,2 Print Areas,GILDAN_5000_CHARCOAL_M_02,0,,,continue,manual,28.00,,TRUE,TRUE,,,,,,https://cdn.shopify.com/s/files/1/0693/6425/2915/files/charcoal_front.jpg?v=1753357491,kg,
gildan-5000-heavy-cotton-t-shirt,,,,,,,,Charcoal,,MD,,3 Print Areas,GILDAN_5000_CHARCOAL_M_02,0,,,continue,manual,38.00,,TRUE,TRUE,,,,,,https://cdn.shopify.com/s/files/1/0693/6425/2915/files/charcoal_front.jpg?v=1753357491,kg,
gildan-5000-heavy-cotton-t-shirt,,,,,,,,Charcoal,,MD,,4 Print Areas,GILDAN_5000_CHARCOAL_M_02,0,,,continue,manual,48.00,,TRUE,TRUE,,,,,,https://cdn.shopify.com/s/files/1/0693/6425/2915/files/charcoal_front.jpg?v=1753357491,kg,
gildan-5000-heavy-cotton-t-shirt,,,,,,,,Charcoal,,LG,,1 Print Area,GILDAN_5000_CHARCOAL_L_03,0,,,continue,manual,18.00,,TRUE,TRUE,,,,,,https://cdn.shopify.com/s/files/1/0693/6425/2915/files/charcoal_front.jpg?v=1753357491,kg,
gildan-5000-heavy-cotton-t-shirt,,,,,,,,Charcoal,,LG,,2 Print Areas,GILDAN_5000_CHARCOAL_L_03,0,,,continue,manual,28.00,,TRUE,TRUE,,,,,,https://cdn.shopify.com/s/files/1/0693/6425/2915/files/charcoal_front.jpg?v=1753357491,kg,
gildan-5000-heavy-cotton-t-shirt,,,,,,,,Charcoal,,LG,,3 Print Areas,GILDAN_5000_CHARCOAL_L_03,0,,,continue,manual,38.00,,TRUE,TRUE,,,,,,https://cdn.shopify.com/s/files/1/0693/6425/2915/files/charcoal_front.jpg?v=1753357491,kg,
gildan-5000-heavy-cotton-t-shirt,,,,,,,,Charcoal,,LG,,4 Print Areas,GILDAN_5000_CHARCOAL_L_03,0,,,continue,manual,48.00,,TRUE,TRUE,,,,,,https://cdn.shopify.com/s/files/1/0693/6425/2915/files/charcoal_front.jpg?v=1753357491,kg,
gildan-5000-heavy-cotton-t-shirt,,,,,,,,Charcoal,,XL,,1 Print Area,GILDAN_5000_CHARCOAL_XL_04,0,,,continue,manual,18.00,,TRUE,TRUE,,,,,,https://cdn.shopify.com/s/files/1/0693/6425/2915/files/charcoal_front.jpg?v=1753357491,kg,
gildan-5000-heavy-cotton-t-shirt,,,,,,,,Charcoal,,XL,,2 Print Areas,GILDAN_5000_CHARCOAL_XL_04,0,,,continue,manual,28.00,,TRUE,TRUE,,,,,,https://cdn.shopify.com/s/files/1/0693/6425/2915/files/charcoal_front.jpg?v=1753357491,kg,
gildan-5000-heavy-cotton-t-shirt,,,,,,,,Charcoal,,XL,,3 Print Areas,GILDAN_5000_CHARCOAL_XL_04,0,,,continue,manual,38.00,,TRUE,TRUE,,,,,,https://cdn.shopify.com/s/files/1/0693/6425/2915/files/charcoal_front.jpg?v=1753357491,kg,
gildan-5000-heavy-cotton-t-shirt,,,,,,,,Charcoal,,XL,,4 Print Areas,GILDAN_5000_CHARCOAL_XL_04,0,,,continue,manual,48.00,,TRUE,TRUE,,,,,,https://cdn.shopify.com/s/files/1/0693/6425/2915/files/charcoal_front.jpg?v=1753357491,kg,
gildan-5000-heavy-cotton-t-shirt,,,,,,,,Charcoal,,2XL,,1 Print Area,GILDAN_5000_CHARCOAL_2XL_05,0,,,continue,manual,22.00,,TRUE,TRUE,,,,,,https://cdn.shopify.com/s/files/1/0693/6425/2915/files/charcoal_front.jpg?v=1753357491,kg,
gildan-5000-heavy-cotton-t-shirt,,,,,,,,Charcoal,,2XL,,2 Print Areas,GILDAN_5000_CHARCOAL_2XL_05,0,,,continue,manual,32.00,,TRUE,TRUE,,,,,,https://cdn.shopify.com/s/files/1/0693/6425/2915/files/charcoal_front.jpg?v=1753357491,kg,
gildan-5000-heavy-cotton-t-shirt,,,,,,,,Charcoal,,2XL,,3 Print Areas,GILDAN_5000_CHARCOAL_2XL_05,0,,,continue,manual,42.00,,TRUE,TRUE,,,,,,https://cdn.shopify.com/s/files/1/0693/6425/2915/files/charcoal_front.jpg?v=1753357491,kg,
gildan-5000-heavy-cotton-t-shirt,,,,,,,,Charcoal,,2XL,,4 Print Areas,GILDAN_5000_CHARCOAL_2XL_05,0,,,continue,manual,52.00,,TRUE,TRUE,,,,,,https://cdn.shopify.com/s/files/1/0693/6425/2915/files/charcoal_front.jpg?v=1753357491,kg,
gildan-5000-heavy-cotton-t-shirt,,,,,,,,Charcoal,,3XL,,1 Print Area,GILDAN_5000_CHARCOAL_3XL_06,0,,,continue,manual,24.00,,TRUE,TRUE,,,,,,https://cdn.shopify.com/s/files/1/0693/6425/2915/files/charcoal_front.jpg?v=1753357491,kg,
gildan-5000-heavy-cotton-t-shirt,,,,,,,,Charcoal,,3XL,,2 Print Areas,GILDAN_5000_CHARCOAL_3XL_06,0,,,continue,manual,34.00,,TRUE,TRUE,,,,,,https://cdn.shopify.com/s/files/1/0693/6425/2915/files/charcoal_front.jpg?v=1753357491,kg,
gildan-5000-heavy-cotton-t-shirt,,,,,,,,Charcoal,,3XL,,3 Print Areas,GILDAN_5000_CHARCOAL_3XL_06,0,,,continue,manual,44.00,,TRUE,TRUE,,,,,,https://cdn.shopify.com/s/files/1/0693/6425/2915/files/charcoal_front.jpg?v=1753357491,kg,
gildan-5000-heavy-cotton-t-shirt,,,,,,,,Charcoal,,3XL,,4 Print Areas,GILDAN_5000_CHARCOAL_3XL_06,0,,,continue,manual,54.00,,TRUE,TRUE,,,,,,https://cdn.shopify.com/s/files/1/0693/6425/2915/files/charcoal_front.jpg?v=1753357491,kg,
gildan-5000-heavy-cotton-t-shirt,,,,,,,,Charcoal,,4XL,,1 Print Area,GILDAN_5000_CHARCOAL_4XL_07,0,,,continue,manual,24.00,,TRUE,TRUE,,,,,,https://cdn.shopify.com/s/files/1/0693/6425/2915/files/charcoal_front.jpg?v=1753357491,kg,
gildan-5000-heavy-cotton-t-shirt,,,,,,,,Charcoal,,4XL,,2 Print Areas,GILDAN_5000_CHARCOAL_4XL_07,0,,,continue,manual,34.00,,TRUE,TRUE,,,,,,https://cdn.shopify.com/s/files/1/0693/6425/2915/files/charcoal_front.jpg?v=1753357491,kg,
gildan-5000-heavy-cotton-t-shirt,,,,,,,,Charcoal,,4XL,,3 Print Areas,GILDAN_5000_CHARCOAL_4XL_07,0,,,continue,manual,44.00,,TRUE,TRUE,,,,,,https://cdn.shopify.com/s/files/1/0693/6425/2915/files/charcoal_front.jpg?v=1753357491,kg,
gildan-5000-heavy-cotton-t-shirt,,,,,,,,Charcoal,,4XL,,4 Print Areas,GILDAN_5000_CHARCOAL_4XL_07,0,,,continue,manual,54.00,,TRUE,TRUE,,,,,,https://cdn.shopify.com/s/files/1/0693/6425/2915/files/charcoal_front.jpg?v=1753357491,kg,
gildan-5000-heavy-cotton-t-shirt,,,,,,,,Charcoal,,5XL,,1 Print Area,GILDAN_5000_CHARCOAL_5XL_08,0,,,continue,manual,24.00,,TRUE,TRUE,,,,,,https://cdn.shopify.com/s/files/1/0693/6425/2915/files/charcoal_front.jpg?v=1753357491,kg,
gildan-5000-heavy-cotton-t-shirt,,,,,,,,Charcoal,,5XL,,2 Print Areas,GILDAN_5000_CHARCOAL_5XL_08,0,,,continue,manual,34.00,,TRUE,TRUE,,,,,,https://cdn.shopify.com/s/files/1/0693/6425/2915/files/charcoal_front.jpg?v=1753357491,kg,
gildan-5000-heavy-cotton-t-shirt,,,,,,,,Charcoal,,5XL,,3 Print Areas,GILDAN_5000_CHARCOAL_5XL_08,0,,,continue,manual,44.00,,TRUE,TRUE,,,,,,https://cdn.shopify.com/s/files/1/0693/6425/2915/files/charcoal_front.jpg?v=1753357491,kg,
gildan-5000-heavy-cotton-t-shirt,,,,,,,,Charcoal,,5XL,,4 Print Areas,GILDAN_5000_CHARCOAL_5XL_08,0,,,continue,manual,54.00,,TRUE,TRUE,,,,,,https://cdn.shopify.com/s/files/1/0693/6425/2915/files/charcoal_front.jpg?v=1753357491,kg,
gildan-5000-heavy-cotton-t-shirt,,,,,,,,Sport Grey,,SM,,1 Print Area,GILDAN_5000_SPORT_GREY_S_01,0,,,continue,manual,18.00,,TRUE,TRUE,,,,,,https://cdn.shopify.com/s/files/1/0693/6425/2915/files/sport_grey_fornt.jpg?v=1753357492,kg,
gildan-5000-heavy-cotton-t-shirt,,,,,,,,Sport Grey,,SM,,2 Print Areas,GILDAN_5000_SPORT_GREY_S_01,0,,,continue,manual,28.00,,TRUE,TRUE,,,,,,https://cdn.shopify.com/s/files/1/0693/6425/2915/files/sport_grey_fornt.jpg?v=1753357492,kg,
gildan-5000-heavy-cotton-t-shirt,,,,,,,,Sport Grey,,SM,,3 Print Areas,GILDAN_5000_SPORT_GREY_S_01,0,,,continue,manual,38.00,,TRUE,TRUE,,,,,,https://cdn.shopify.com/s/files/1/0693/6425/2915/files/sport_grey_fornt.jpg?v=1753357492,kg,
gildan-5000-heavy-cotton-t-shirt,,,,,,,,Sport Grey,,SM,,4 Print Areas,GILDAN_5000_SPORT_GREY_S_01,0,,,continue,manual,48.00,,TRUE,TRUE,,,,,,https://cdn.shopify.com/s/files/1/0693/6425/2915/files/sport_grey_fornt.jpg?v=1753357492,kg,
gildan-5000-heavy-cotton-t-shirt,,,,,,,,Sport Grey,,MD,,1 Print Area,GILDAN_5000_SPORT_GREY_M_02,0,,,continue,manual,18.00,,TRUE,TRUE,,,,,,https://cdn.shopify.com/s/files/1/0693/6425/2915/files/sport_grey_fornt.jpg?v=1753357492,kg,
gildan-5000-heavy-cotton-t-shirt,,,,,,,,Sport Grey,,MD,,2 Print Areas,GILDAN_5000_SPORT_GREY_M_02,0,,,continue,manual,28.00,,TRUE,TRUE,,,,,,https://cdn.shopify.com/s/files/1/0693/6425/2915/files/sport_grey_fornt.jpg?v=1753357492,kg,
gildan-5000-heavy-cotton-t-shirt,,,,,,,,Sport Grey,,MD,,3 Print Areas,GILDAN_5000_SPORT_GREY_M_02,0,,,continue,manual,38.00,,TRUE,TRUE,,,,,,https://cdn.shopify.com/s/files/1/0693/6425/2915/files/sport_grey_fornt.jpg?v=1753357492,kg,
gildan-5000-heavy-cotton-t-shirt,,,,,,,,Sport Grey,,MD,,4 Print Areas,GILDAN_5000_SPORT_GREY_M_02,0,,,continue,manual,48.00,,TRUE,TRUE,,,,,,https://cdn.shopify.com/s/files/1/0693/6425/2915/files/sport_grey_fornt.jpg?v=1753357492,kg,
gildan-5000-heavy-cotton-t-shirt,,,,,,,,Sport Grey,,LG,,1 Print Area,GILDAN_5000_SPORT_GREY_L_03,0,,,continue,manual,18.00,,TRUE,TRUE,,,,,,https://cdn.shopify.com/s/files/1/0693/6425/2915/files/sport_grey_fornt.jpg?v=1753357492,kg,
gildan-5000-heavy-cotton-t-shirt,,,,,,,,Sport Grey,,LG,,2 Print Areas,GILDAN_5000_SPORT_GREY_L_03,0,,,continue,manual,28.00,,TRUE,TRUE,,,,,,https://cdn.shopify.com/s/files/1/0693/6425/2915/files/sport_grey_fornt.jpg?v=1753357492,kg,
gildan-5000-heavy-cotton-t-shirt,,,,,,,,Sport Grey,,LG,,3 Print Areas,GILDAN_5000_SPORT_GREY_L_03,0,,,continue,manual,38.00,,TRUE,TRUE,,,,,,https://cdn.shopify.com/s/files/1/0693/6425/2915/files/sport_grey_fornt.jpg?v=1753357492,kg,
gildan-5000-heavy-cotton-t-shirt,,,,,,,,Sport Grey,,LG,,4 Print Areas,GILDAN_5000_SPORT_GREY_L_03,0,,,continue,manual,48.00,,TRUE,TRUE,,,,,,https://cdn.shopify.com/s/files/1/0693/6425/2915/files/sport_grey_fornt.jpg?v=1753357492,kg,
gildan-5000-heavy-cotton-t-shirt,,,,,,,,Sport Grey,,XL,,1 Print Area,GILDAN_5000_SPORT_GREY_XL_04,0,,,continue,manual,18.00,,TRUE,TRUE,,,,,,https://cdn.shopify.com/s/files/1/0693/6425/2915/files/sport_grey_fornt.jpg?v=1753357492,kg,
gildan-5000-heavy-cotton-t-shirt,,,,,,,,Sport Grey,,XL,,2 Print Areas,GILDAN_5000_SPORT_GREY_XL_04,0,,,continue,manual,28.00,,TRUE,TRUE,,,,,,https://cdn.shopify.com/s/files/1/0693/6425/2915/files/sport_grey_fornt.jpg?v=1753357492,kg,
gildan-5000-heavy-cotton-t-shirt,,,,,,,,Sport Grey,,XL,,3 Print Areas,GILDAN_5000_SPORT_GREY_XL_04,0,,,continue,manual,38.00,,TRUE,TRUE,,,,,,https://cdn.shopify.com/s/files/1/0693/6425/2915/files/sport_grey_fornt.jpg?v=1753357492,kg,
gildan-5000-heavy-cotton-t-shirt,,,,,,,,Sport Grey,,XL,,4 Print Areas,GILDAN_5000_SPORT_GREY_XL_04,0,,,continue,manual,48.00,,TRUE,TRUE,,,,,,https://cdn.shopify.com/s/files/1/0693/6425/2915/files/sport_grey_fornt.jpg?v=1753357492,kg,
gildan-5000-heavy-cotton-t-shirt,,,,,,,,Sport Grey,,2XL,,1 Print Area,GILDAN_5000_SPORT_GREY_2XL_05,0,,,continue,manual,22.00,,TRUE,TRUE,,,,,,https://cdn.shopify.com/s/files/1/0693/6425/2915/files/sport_grey_fornt.jpg?v=1753357492,kg,
gildan-5000-heavy-cotton-t-shirt,,,,,,,,Sport Grey,,2XL,,2 Print Areas,GILDAN_5000_SPORT_GREY_2XL_05,0,,,continue,manual,32.00,,TRUE,TRUE,,,,,,https://cdn.shopify.com/s/files/1/0693/6425/2915/files/sport_grey_fornt.jpg?v=1753357492,kg,
gildan-5000-heavy-cotton-t-shirt,,,,,,,,Sport Grey,,2XL,,3 Print Areas,GILDAN_5000_SPORT_GREY_2XL_05,0,,,continue,manual,42.00,,TRUE,TRUE,,,,,,https://cdn.shopify.com/s/files/1/0693/6425/2915/files/sport_grey_fornt.jpg?v=1753357492,kg,
gildan-5000-heavy-cotton-t-shirt,,,,,,,,Sport Grey,,2XL,,4 Print Areas,GILDAN_5000_SPORT_GREY_2XL_05,0,,,continue,manual,52.00,,TRUE,TRUE,,,,,,https://cdn.shopify.com/s/files/1/0693/6425/2915/files/sport_grey_fornt.jpg?v=1753357492,kg,
gildan-5000-heavy-cotton-t-shirt,,,,,,,,Sport Grey,,3XL,,1 Print Area,GILDAN_5000_SPORT_GREY_3XL_06,0,,,continue,manual,24.00,,TRUE,TRUE,,,,,,https://cdn.shopify.com/s/files/1/0693/6425/2915/files/sport_grey_fornt.jpg?v=1753357492,kg,
gildan-5000-heavy-cotton-t-shirt,,,,,,,,Sport Grey,,3XL,,2 Print Areas,GILDAN_5000_SPORT_GREY_3XL_06,0,,,continue,manual,34.00,,TRUE,TRUE,,,,,,https://cdn.shopify.com/s/files/1/0693/6425/2915/files/sport_grey_fornt.jpg?v=1753357492,kg,
gildan-5000-heavy-cotton-t-shirt,,,,,,,,Sport Grey,,3XL,,3 Print Areas,GILDAN_5000_SPORT_GREY_3XL_06,0,,,continue,manual,36.00,,TRUE,TRUE,,,,,,https://cdn.shopify.com/s/files/1/0693/6425/2915/files/sport_grey_fornt.jpg?v=1753357492,kg,
gildan-5000-heavy-cotton-t-shirt,,,,,,,,Sport Grey,,3XL,,4 Print Areas,GILDAN_5000_SPORT_GREY_3XL_06,0,,,continue,manual,46.00,,TRUE,TRUE,,,,,,https://cdn.shopify.com/s/files/1/0693/6425/2915/files/sport_grey_fornt.jpg?v=1753357492,kg,
gildan-5000-heavy-cotton-t-shirt,,,,,,,,Sport Grey,,4XL,,1 Print Area,GILDAN_5000_SPORT_GREY_4XL_07,0,,,continue,manual,24.00,,TRUE,TRUE,,,,,,https://cdn.shopify.com/s/files/1/0693/6425/2915/files/sport_grey_fornt.jpg?v=1753357492,kg,
gildan-5000-heavy-cotton-t-shirt,,,,,,,,Sport Grey,,4XL,,2 Print Areas,GILDAN_5000_SPORT_GREY_4XL_07,0,,,continue,manual,34.00,,TRUE,TRUE,,,,,,https://cdn.shopify.com/s/files/1/0693/6425/2915/files/sport_grey_fornt.jpg?v=1753357492,kg,
gildan-5000-heavy-cotton-t-shirt,,,,,,,,Sport Grey,,4XL,,3 Print Areas,GILDAN_5000_SPORT_GREY_4XL_07,0,,,continue,manual,36.00,,TRUE,TRUE,,,,,,https://cdn.shopify.com/s/files/1/0693/6425/2915/files/sport_grey_fornt.jpg?v=1753357492,kg,
gildan-5000-heavy-cotton-t-shirt,,,,,,,,Sport Grey,,4XL,,4 Print Areas,GILDAN_5000_SPORT_GREY_4XL_07,0,,,continue,manual,46.00,,TRUE,TRUE,,,,,,https://cdn.shopify.com/s/files/1/0693/6425/2915/files/sport_grey_fornt.jpg?v=1753357492,kg,
gildan-5000-heavy-cotton-t-shirt,,,,,,,,Sport Grey,,5XL,,1 Print Area,GILDAN_5000_SPORT_GREY_5XL_08,0,,,continue,manual,24.00,,TRUE,TRUE,,,,,,https://cdn.shopify.com/s/files/1/0693/6425/2915/files/sport_grey_fornt.jpg?v=1753357492,kg,
gildan-5000-heavy-cotton-t-shirt,,,,,,,,Sport Grey,,5XL,,2 Print Areas,GILDAN_5000_SPORT_GREY_5XL_08,0,,,continue,manual,34.00,,TRUE,TRUE,,,,,,https://cdn.shopify.com/s/files/1/0693/6425/2915/files/sport_grey_fornt.jpg?v=1753357492,kg,
gildan-5000-heavy-cotton-t-shirt,,,,,,,,Sport Grey,,5XL,,3 Print Areas,GILDAN_5000_SPORT_GREY_5XL_08,0,,,continue,manual,36.00,,TRUE,TRUE,,,,,,https://cdn.shopify.com/s/files/1/0693/6425/2915/files/sport_grey_fornt.jpg?v=1753357492,kg,
gildan-5000-heavy-cotton-t-shirt,,,,,,,,Sport Grey,,5XL,,4 Print Areas,GILDAN_5000_SPORT_GREY_5XL_08,0,,,continue,manual,46.00,,TRUE,TRUE,,,,,,https://cdn.shopify.com/s/files/1/0693/6425/2915/files/sport_grey_fornt.jpg?v=1753357492,kg,
gildan-5000-heavy-cotton-t-shirt,,,,,,,,Navy,,SM,,1 Print Area,GILDAN_5000_NAVY_S_01,0,,,continue,manual,18.00,,TRUE,TRUE,,,,,,https://cdn.shopify.com/s/files/1/0693/6425/2915/files/navy_front_a13f69ff-cffc-4f59-b8bb-f63c010f6519.jpg?v=1753357492,kg,
gildan-5000-heavy-cotton-t-shirt,,,,,,,,Navy,,SM,,2 Print Areas,GILDAN_5000_NAVY_S_01,0,,,continue,manual,28.00,,TRUE,TRUE,,,,,,https://cdn.shopify.com/s/files/1/0693/6425/2915/files/navy_front_a13f69ff-cffc-4f59-b8bb-f63c010f6519.jpg?v=1753357492,kg,
gildan-5000-heavy-cotton-t-shirt,,,,,,,,Navy,,SM,,3 Print Areas,GILDAN_5000_NAVY_S_01,0,,,continue,manual,38.00,,TRUE,TRUE,,,,,,https://cdn.shopify.com/s/files/1/0693/6425/2915/files/navy_front_a13f69ff-cffc-4f59-b8bb-f63c010f6519.jpg?v=1753357492,kg,
gildan-5000-heavy-cotton-t-shirt,,,,,,,,Navy,,SM,,4 Print Areas,GILDAN_5000_NAVY_S_01,0,,,continue,manual,48.00,,TRUE,TRUE,,,,,,https://cdn.shopify.com/s/files/1/0693/6425/2915/files/navy_front_a13f69ff-cffc-4f59-b8bb-f63c010f6519.jpg?v=1753357492,kg,
gildan-5000-heavy-cotton-t-shirt,,,,,,,,Navy,,MD,,1 Print Area,GILDAN_5000_NAVY_M_02,0,,,continue,manual,18.00,,TRUE,TRUE,,,,,,https://cdn.shopify.com/s/files/1/0693/6425/2915/files/navy_front_a13f69ff-cffc-4f59-b8bb-f63c010f6519.jpg?v=1753357492,kg,
gildan-5000-heavy-cotton-t-shirt,,,,,,,,Navy,,MD,,2 Print Areas,GILDAN_5000_NAVY_M_02,0,,,continue,manual,28.00,,TRUE,TRUE,,,,,,https://cdn.shopify.com/s/files/1/0693/6425/2915/files/navy_front_a13f69ff-cffc-4f59-b8bb-f63c010f6519.jpg?v=1753357492,kg,
gildan-5000-heavy-cotton-t-shirt,,,,,,,,Navy,,MD,,3 Print Areas,GILDAN_5000_NAVY_M_02,0,,,continue,manual,38.00,,TRUE,TRUE,,,,,,https://cdn.shopify.com/s/files/1/0693/6425/2915/files/navy_front_a13f69ff-cffc-4f59-b8bb-f63c010f6519.jpg?v=1753357492,kg,
gildan-5000-heavy-cotton-t-shirt,,,,,,,,Navy,,MD,,4 Print Areas,GILDAN_5000_NAVY_M_02,0,,,continue,manual,48.00,,TRUE,TRUE,,,,,,https://cdn.shopify.com/s/files/1/0693/6425/2915/files/navy_front_a13f69ff-cffc-4f59-b8bb-f63c010f6519.jpg?v=1753357492,kg,
gildan-5000-heavy-cotton-t-shirt,,,,,,,,Navy,,LG,,1 Print Area,GILDAN_5000_NAVY_L_03,0,,,continue,manual,18.00,,TRUE,TRUE,,,,,,https://cdn.shopify.com/s/files/1/0693/6425/2915/files/navy_front_a13f69ff-cffc-4f59-b8bb-f63c010f6519.jpg?v=1753357492,kg,
gildan-5000-heavy-cotton-t-shirt,,,,,,,,Navy,,LG,,2 Print Areas,GILDAN_5000_NAVY_L_03,0,,,continue,manual,28.00,,TRUE,TRUE,,,,,,https://cdn.shopify.com/s/files/1/0693/6425/2915/files/navy_front_a13f69ff-cffc-4f59-b8bb-f63c010f6519.jpg?v=1753357492,kg,
gildan-5000-heavy-cotton-t-shirt,,,,,,,,Navy,,LG,,3 Print Areas,GILDAN_5000_NAVY_L_03,0,,,continue,manual,38.00,,TRUE,TRUE,,,,,,https://cdn.shopify.com/s/files/1/0693/6425/2915/files/navy_front_a13f69ff-cffc-4f59-b8bb-f63c010f6519.jpg?v=1753357492,kg,
gildan-5000-heavy-cotton-t-shirt,,,,,,,,Navy,,LG,,4 Print Areas,GILDAN_5000_NAVY_L_03,0,,,continue,manual,48.00,,TRUE,TRUE,,,,,,https://cdn.shopify.com/s/files/1/0693/6425/2915/files/navy_front_a13f69ff-cffc-4f59-b8bb-f63c010f6519.jpg?v=1753357492,kg,
gildan-5000-heavy-cotton-t-shirt,,,,,,,,Navy,,XL,,1 Print Area,GILDAN_5000_NAVY_XL_04,0,,,continue,manual,18.00,,TRUE,TRUE,,,,,,https://cdn.shopify.com/s/files/1/0693/6425/2915/files/navy_front_a13f69ff-cffc-4f59-b8bb-f63c010f6519.jpg?v=1753357492,kg,
gildan-5000-heavy-cotton-t-shirt,,,,,,,,Navy,,XL,,2 Print Areas,GILDAN_5000_NAVY_XL_04,0,,,continue,manual,28.00,,TRUE,TRUE,,,,,,https://cdn.shopify.com/s/files/1/0693/6425/2915/files/navy_front_a13f69ff-cffc-4f59-b8bb-f63c010f6519.jpg?v=1753357492,kg,
gildan-5000-heavy-cotton-t-shirt,,,,,,,,Navy,,XL,,3 Print Areas,GILDAN_5000_NAVY_XL_04,0,,,continue,manual,38.00,,TRUE,TRUE,,,,,,https://cdn.shopify.com/s/files/1/0693/6425/2915/files/navy_front_a13f69ff-cffc-4f59-b8bb-f63c010f6519.jpg?v=1753357492,kg,
gildan-5000-heavy-cotton-t-shirt,,,,,,,,Navy,,XL,,4 Print Areas,GILDAN_5000_NAVY_XL_04,0,,,continue,manual,48.00,,TRUE,TRUE,,,,,,https://cdn.shopify.com/s/files/1/0693/6425/2915/files/navy_front_a13f69ff-cffc-4f59-b8bb-f63c010f6519.jpg?v=1753357492,kg,
gildan-5000-heavy-cotton-t-shirt,,,,,,,,Navy,,2XL,,1 Print Area,GILDAN_5000_NAVY_2XL_05,0,,,continue,manual,22.00,,TRUE,TRUE,,,,,,https://cdn.shopify.com/s/files/1/0693/6425/2915/files/navy_front_a13f69ff-cffc-4f59-b8bb-f63c010f6519.jpg?v=1753357492,kg,
gildan-5000-heavy-cotton-t-shirt,,,,,,,,Navy,,2XL,,2 Print Areas,GILDAN_5000_NAVY_2XL_05,0,,,continue,manual,32.00,,TRUE,TRUE,,,,,,https://cdn.shopify.com/s/files/1/0693/6425/2915/files/navy_front_a13f69ff-cffc-4f59-b8bb-f63c010f6519.jpg?v=1753357492,kg,
gildan-5000-heavy-cotton-t-shirt,,,,,,,,Navy,,2XL,,3 Print Areas,GILDAN_5000_NAVY_2XL_05,0,,,continue,manual,42.00,,TRUE,TRUE,,,,,,https://cdn.shopify.com/s/files/1/0693/6425/2915/files/navy_front_a13f69ff-cffc-4f59-b8bb-f63c010f6519.jpg?v=1753357492,kg,
gildan-5000-heavy-cotton-t-shirt,,,,,,,,Navy,,2XL,,4 Print Areas,GILDAN_5000_NAVY_2XL_05,0,,,continue,manual,52.00,,TRUE,TRUE,,,,,,https://cdn.shopify.com/s/files/1/0693/6425/2915/files/navy_front_a13f69ff-cffc-4f59-b8bb-f63c010f6519.jpg?v=1753357492,kg,
gildan-5000-heavy-cotton-t-shirt,,,,,,,,Navy,,3XL,,1 Print Area,GILDAN_5000_NAVY_3XL_06,0,,,continue,manual,24.00,,TRUE,TRUE,,,,,,https://cdn.shopify.com/s/files/1/0693/6425/2915/files/navy_front_a13f69ff-cffc-4f59-b8bb-f63c010f6519.jpg?v=1753357492,kg,
gildan-5000-heavy-cotton-t-shirt,,,,,,,,Navy,,3XL,,2 Print Areas,GILDAN_5000_NAVY_3XL_06,0,,,continue,manual,34.00,,TRUE,TRUE,,,,,,https://cdn.shopify.com/s/files/1/0693/6425/2915/files/navy_front_a13f69ff-cffc-4f59-b8bb-f63c010f6519.jpg?v=1753357492,kg,
gildan-5000-heavy-cotton-t-shirt,,,,,,,,Navy,,3XL,,3 Print Areas,GILDAN_5000_NAVY_3XL_06,0,,,continue,manual,44.00,,TRUE,TRUE,,,,,,https://cdn.shopify.com/s/files/1/0693/6425/2915/files/navy_front_a13f69ff-cffc-4f59-b8bb-f63c010f6519.jpg?v=1753357492,kg,
gildan-5000-heavy-cotton-t-shirt,,,,,,,,Navy,,3XL,,4 Print Areas,GILDAN_5000_NAVY_3XL_06,0,,,continue,manual,54.00,,TRUE,TRUE,,,,,,https://cdn.shopify.com/s/files/1/0693/6425/2915/files/navy_front_a13f69ff-cffc-4f59-b8bb-f63c010f6519.jpg?v=1753357492,kg,
gildan-5000-heavy-cotton-t-shirt,,,,,,,,Navy,,4XL,,1 Print Area,GILDAN_5000_NAVY_4XL_07,0,,,continue,manual,24.00,,TRUE,TRUE,,,,,,https://cdn.shopify.com/s/files/1/0693/6425/2915/files/navy_front_a13f69ff-cffc-4f59-b8bb-f63c010f6519.jpg?v=1753357492,kg,
gildan-5000-heavy-cotton-t-shirt,,,,,,,,Navy,,4XL,,2 Print Areas,GILDAN_5000_NAVY_4XL_07,0,,,continue,manual,34.00,,TRUE,TRUE,,,,,,https://cdn.shopify.com/s/files/1/0693/6425/2915/files/navy_front_a13f69ff-cffc-4f59-b8bb-f63c010f6519.jpg?v=1753357492,kg,
gildan-5000-heavy-cotton-t-shirt,,,,,,,,Navy,,4XL,,3 Print Areas,GILDAN_5000_NAVY_4XL_07,0,,,continue,manual,44.00,,TRUE,TRUE,,,,,,https://cdn.shopify.com/s/files/1/0693/6425/2915/files/navy_front_a13f69ff-cffc-4f59-b8bb-f63c010f6519.jpg?v=1753357492,kg,
gildan-5000-heavy-cotton-t-shirt,,,,,,,,Navy,,4XL,,4 Print Areas,GILDAN_5000_NAVY_4XL_07,0,,,continue,manual,54.00,,TRUE,TRUE,,,,,,https://cdn.shopify.com/s/files/1/0693/6425/2915/files/navy_front_a13f69ff-cffc-4f59-b8bb-f63c010f6519.jpg?v=1753357492,kg,
gildan-5000-heavy-cotton-t-shirt,,,,,,,,Navy,,5XL,,1 Print Area,GILDAN_5000_NAVY_5XL_08,0,,,continue,manual,24.00,,TRUE,TRUE,,,,,,https://cdn.shopify.com/s/files/1/0693/6425/2915/files/navy_front_a13f69ff-cffc-4f59-b8bb-f63c010f6519.jpg?v=1753357492,kg,
gildan-5000-heavy-cotton-t-shirt,,,,,,,,Navy,,5XL,,2 Print Areas,GILDAN_5000_NAVY_5XL_08,0,,,continue,manual,34.00,,TRUE,TRUE,,,,,,https://cdn.shopify.com/s/files/1/0693/6425/2915/files/navy_front_a13f69ff-cffc-4f59-b8bb-f63c010f6519.jpg?v=1753357492,kg,
gildan-5000-heavy-cotton-t-shirt,,,,,,,,Navy,,5XL,,3 Print Areas,GILDAN_5000_NAVY_5XL_08,0,,,continue,manual,44.00,,TRUE,TRUE,,,,,,https://cdn.shopify.com/s/files/1/0693/6425/2915/files/navy_front_a13f69ff-cffc-4f59-b8bb-f63c010f6519.jpg?v=1753357492,kg,
gildan-5000-heavy-cotton-t-shirt,,,,,,,,Navy,,5XL,,4 Print Areas,GILDAN_5000_NAVY_5XL_08,0,,,continue,manual,54.00,,TRUE,TRUE,,,,,,https://cdn.shopify.com/s/files/1/0693/6425/2915/files/navy_front_a13f69ff-cffc-4f59-b8bb-f63c010f6519.jpg?v=1753357492,kg,
gildan-5000-heavy-cotton-t-shirt,,,,,,,,Natural,,SM,,1 Print Area,GILDAN_5000_NATURAL_S_01,0,,,continue,manual,18.00,,TRUE,TRUE,,,,,,https://cdn.shopify.com/s/files/1/0693/6425/2915/files/natural_front.jpg?v=1753357492,kg,
gildan-5000-heavy-cotton-t-shirt,,,,,,,,Natural,,SM,,2 Print Areas,GILDAN_5000_NATURAL_S_01,0,,,continue,manual,28.00,,TRUE,TRUE,,,,,,https://cdn.shopify.com/s/files/1/0693/6425/2915/files/natural_front.jpg?v=1753357492,kg,
gildan-5000-heavy-cotton-t-shirt,,,,,,,,Natural,,SM,,3 Print Areas,GILDAN_5000_NATURAL_S_01,0,,,continue,manual,38.00,,TRUE,TRUE,,,,,,https://cdn.shopify.com/s/files/1/0693/6425/2915/files/natural_front.jpg?v=1753357492,kg,
gildan-5000-heavy-cotton-t-shirt,,,,,,,,Natural,,SM,,4 Print Areas,GILDAN_5000_NATURAL_S_01,0,,,continue,manual,48.00,,TRUE,TRUE,,,,,,https://cdn.shopify.com/s/files/1/0693/6425/2915/files/natural_front.jpg?v=1753357492,kg,
gildan-5000-heavy-cotton-t-shirt,,,,,,,,Natural,,MD,,1 Print Area,GILDAN_5000_NATURAL_M_02,0,,,continue,manual,18.00,,TRUE,TRUE,,,,,,https://cdn.shopify.com/s/files/1/0693/6425/2915/files/natural_front.jpg?v=1753357492,kg,
gildan-5000-heavy-cotton-t-shirt,,,,,,,,Natural,,MD,,2 Print Areas,GILDAN_5000_NATURAL_M_02,0,,,continue,manual,28.00,,TRUE,TRUE,,,,,,https://cdn.shopify.com/s/files/1/0693/6425/2915/files/natural_front.jpg?v=1753357492,kg,
gildan-5000-heavy-cotton-t-shirt,,,,,,,,Natural,,MD,,3 Print Areas,GILDAN_5000_NATURAL_M_02,0,,,continue,manual,38.00,,TRUE,TRUE,,,,,,https://cdn.shopify.com/s/files/1/0693/6425/2915/files/natural_front.jpg?v=1753357492,kg,
gildan-5000-heavy-cotton-t-shirt,,,,,,,,Natural,,MD,,4 Print Areas,GILDAN_5000_NATURAL_M_02,0,,,continue,manual,48.00,,TRUE,TRUE,,,,,,https://cdn.shopify.com/s/files/1/0693/6425/2915/files/natural_front.jpg?v=1753357492,kg,
gildan-5000-heavy-cotton-t-shirt,,,,,,,,Natural,,LG,,1 Print Area,GILDAN_5000_NATURAL_L_03,0,,,continue,manual,18.00,,TRUE,TRUE,,,,,,https://cdn.shopify.com/s/files/1/0693/6425/2915/files/natural_front.jpg?v=1753357492,kg,
gildan-5000-heavy-cotton-t-shirt,,,,,,,,Natural,,LG,,2 Print Areas,GILDAN_5000_NATURAL_L_03,0,,,continue,manual,28.00,,TRUE,TRUE,,,,,,https://cdn.shopify.com/s/files/1/0693/6425/2915/files/natural_front.jpg?v=1753357492,kg,
gildan-5000-heavy-cotton-t-shirt,,,,,,,,Natural,,LG,,3 Print Areas,GILDAN_5000_NATURAL_L_03,0,,,continue,manual,38.00,,TRUE,TRUE,,,,,,https://cdn.shopify.com/s/files/1/0693/6425/2915/files/natural_front.jpg?v=1753357492,kg,
gildan-5000-heavy-cotton-t-shirt,,,,,,,,Natural,,LG,,4 Print Areas,GILDAN_5000_NATURAL_L_03,0,,,continue,manual,48.00,,TRUE,TRUE,,,,,,https://cdn.shopify.com/s/files/1/0693/6425/2915/files/natural_front.jpg?v=1753357492,kg,
gildan-5000-heavy-cotton-t-shirt,,,,,,,,Natural,,XL,,1 Print Area,GILDAN_5000_NATURAL_XL_04,0,,,continue,manual,18.00,,TRUE,TRUE,,,,,,https://cdn.shopify.com/s/files/1/0693/6425/2915/files/natural_front.jpg?v=1753357492,kg,
gildan-5000-heavy-cotton-t-shirt,,,,,,,,Natural,,XL,,2 Print Areas,GILDAN_5000_NATURAL_XL_04,0,,,continue,manual,28.00,,TRUE,TRUE,,,,,,https://cdn.shopify.com/s/files/1/0693/6425/2915/files/natural_front.jpg?v=1753357492,kg,
gildan-5000-heavy-cotton-t-shirt,,,,,,,,Natural,,XL,,3 Print Areas,GILDAN_5000_NATURAL_XL_04,0,,,continue,manual,38.00,,TRUE,TRUE,,,,,,https://cdn.shopify.com/s/files/1/0693/6425/2915/files/natural_front.jpg?v=1753357492,kg,
gildan-5000-heavy-cotton-t-shirt,,,,,,,,Natural,,XL,,4 Print Areas,GILDAN_5000_NATURAL_XL_04,0,,,continue,manual,48.00,,TRUE,TRUE,,,,,,https://cdn.shopify.com/s/files/1/0693/6425/2915/files/natural_front.jpg?v=1753357492,kg,
gildan-5000-heavy-cotton-t-shirt,,,,,,,,Natural,,2XL,,1 Print Area,GILDAN_5000_NATURAL_2XL_05,0,,,continue,manual,22.00,,TRUE,TRUE,,,,,,https://cdn.shopify.com/s/files/1/0693/6425/2915/files/natural_front.jpg?v=1753357492,kg,
gildan-5000-heavy-cotton-t-shirt,,,,,,,,Natural,,2XL,,2 Print Areas,GILDAN_5000_NATURAL_2XL_05,0,,,continue,manual,32.00,,TRUE,TRUE,,,,,,https://cdn.shopify.com/s/files/1/0693/6425/2915/files/natural_front.jpg?v=1753357492,kg,
gildan-5000-heavy-cotton-t-shirt,,,,,,,,Natural,,2XL,,3 Print Areas,GILDAN_5000_NATURAL_2XL_05,0,,,continue,manual,42.00,,TRUE,TRUE,,,,,,https://cdn.shopify.com/s/files/1/0693/6425/2915/files/natural_front.jpg?v=1753357492,kg,
gildan-5000-heavy-cotton-t-shirt,,,,,,,,Natural,,2XL,,4 Print Areas,GILDAN_5000_NATURAL_2XL_05,0,,,continue,manual,52.00,,TRUE,TRUE,,,,,,https://cdn.shopify.com/s/files/1/0693/6425/2915/files/natural_front.jpg?v=1753357492,kg,
gildan-5000-heavy-cotton-t-shirt,,,,,,,,Natural,,3XL,,1 Print Area,GILDAN_5000_NATURAL_3XL_06,0,,,continue,manual,24.00,,TRUE,TRUE,,,,,,https://cdn.shopify.com/s/files/1/0693/6425/2915/files/natural_front.jpg?v=1753357492,kg,
gildan-5000-heavy-cotton-t-shirt,,,,,,,,Natural,,3XL,,2 Print Areas,GILDAN_5000_NATURAL_3XL_06,0,,,continue,manual,34.00,,TRUE,TRUE,,,,,,https://cdn.shopify.com/s/files/1/0693/6425/2915/files/natural_front.jpg?v=1753357492,kg,
gildan-5000-heavy-cotton-t-shirt,,,,,,,,Natural,,3XL,,3 Print Areas,GILDAN_5000_NATURAL_3XL_06,0,,,continue,manual,44.00,,TRUE,TRUE,,,,,,https://cdn.shopify.com/s/files/1/0693/6425/2915/files/natural_front.jpg?v=1753357492,kg,
gildan-5000-heavy-cotton-t-shirt,,,,,,,,Natural,,3XL,,4 Print Areas,GILDAN_5000_NATURAL_3XL_06,0,,,continue,manual,54.00,,TRUE,TRUE,,,,,,https://cdn.shopify.com/s/files/1/0693/6425/2915/files/natural_front.jpg?v=1753357492,kg,
gildan-5000-heavy-cotton-t-shirt,,,,,,,,Natural,,4XL,,1 Print Area,GILDAN_5000_NATURAL_4XL_07,0,,,continue,manual,24.00,,TRUE,TRUE,,,,,,https://cdn.shopify.com/s/files/1/0693/6425/2915/files/natural_front.jpg?v=1753357492,kg,
gildan-5000-heavy-cotton-t-shirt,,,,,,,,Natural,,4XL,,2 Print Areas,GILDAN_5000_NATURAL_4XL_07,0,,,continue,manual,34.00,,TRUE,TRUE,,,,,,https://cdn.shopify.com/s/files/1/0693/6425/2915/files/natural_front.jpg?v=1753357492,kg,
gildan-5000-heavy-cotton-t-shirt,,,,,,,,Natural,,4XL,,3 Print Areas,GILDAN_5000_NATURAL_4XL_07,0,,,continue,manual,44.00,,TRUE,TRUE,,,,,,https://cdn.shopify.com/s/files/1/0693/6425/2915/files/natural_front.jpg?v=1753357492,kg,
gildan-5000-heavy-cotton-t-shirt,,,,,,,,Natural,,4XL,,4 Print Areas,GILDAN_5000_NATURAL_4XL_07,0,,,continue,manual,54.00,,TRUE,TRUE,,,,,,https://cdn.shopify.com/s/files/1/0693/6425/2915/files/natural_front.jpg?v=1753357492,kg,
gildan-5000-heavy-cotton-t-shirt,,,,,,,,Natural,,5XL,,1 Print Area,GILDAN_5000_NATURAL_5XL_08,0,,,continue,manual,24.00,,TRUE,TRUE,,,,,,https://cdn.shopify.com/s/files/1/0693/6425/2915/files/natural_front.jpg?v=1753357492,kg,
gildan-5000-heavy-cotton-t-shirt,,,,,,,,Natural,,5XL,,2 Print Areas,GILDAN_5000_NATURAL_5XL_08,0,,,continue,manual,34.00,,TRUE,TRUE,,,,,,https://cdn.shopify.com/s/files/1/0693/6425/2915/files/natural_front.jpg?v=1753357492,kg,
gildan-5000-heavy-cotton-t-shirt,,,,,,,,Natural,,5XL,,3 Print Areas,GILDAN_5000_NATURAL_5XL_08,0,,,continue,manual,44.00,,TRUE,TRUE,,,,,,https://cdn.shopify.com/s/files/1/0693/6425/2915/files/natural_front.jpg?v=1753357492,kg,
gildan-5000-heavy-cotton-t-shirt,,,,,,,,Natural,,5XL,,4 Print Areas,GILDAN_5000_NATURAL_5XL_08,0,,,continue,manual,54.00,,TRUE,TRUE,,,,,,https://cdn.shopify.com/s/files/1/0693/6425/2915/files/natural_front.jpg?v=1753357492,kg,
gildan-5000-heavy-cotton-t-shirt,,,,,,,,Dark Heather,,SM,,1 Print Area,GILDAN_5000_DARK_HEATHER_S_01,0,,,continue,manual,18.00,,TRUE,TRUE,,,,,,https://cdn.shopify.com/s/files/1/0693/6425/2915/files/dark_heather.jpg?v=1753357492,kg,
gildan-5000-heavy-cotton-t-shirt,,,,,,,,Dark Heather,,SM,,2 Print Areas,GILDAN_5000_DARK_HEATHER_S_01,0,,,continue,manual,28.00,,TRUE,TRUE,,,,,,https://cdn.shopify.com/s/files/1/0693/6425/2915/files/dark_heather.jpg?v=1753357492,kg,
gildan-5000-heavy-cotton-t-shirt,,,,,,,,Dark Heather,,SM,,3 Print Areas,GILDAN_5000_DARK_HEATHER_S_01,0,,,continue,manual,38.00,,TRUE,TRUE,,,,,,https://cdn.shopify.com/s/files/1/0693/6425/2915/files/dark_heather.jpg?v=1753357492,kg,
gildan-5000-heavy-cotton-t-shirt,,,,,,,,Dark Heather,,SM,,4 Print Areas,GILDAN_5000_DARK_HEATHER_S_01,0,,,continue,manual,48.00,,TRUE,TRUE,,,,,,https://cdn.shopify.com/s/files/1/0693/6425/2915/files/dark_heather.jpg?v=1753357492,kg,
gildan-5000-heavy-cotton-t-shirt,,,,,,,,Dark Heather,,MD,,1 Print Area,GILDAN_5000_DARK_HEATHER_M_02,0,,,continue,manual,18.00,,TRUE,TRUE,,,,,,https://cdn.shopify.com/s/files/1/0693/6425/2915/files/dark_heather.jpg?v=1753357492,kg,
gildan-5000-heavy-cotton-t-shirt,,,,,,,,Dark Heather,,MD,,2 Print Areas,GILDAN_5000_DARK_HEATHER_M_02,0,,,continue,manual,28.00,,TRUE,TRUE,,,,,,https://cdn.shopify.com/s/files/1/0693/6425/2915/files/dark_heather.jpg?v=1753357492,kg,
gildan-5000-heavy-cotton-t-shirt,,,,,,,,Dark Heather,,MD,,3 Print Areas,GILDAN_5000_DARK_HEATHER_M_02,0,,,continue,manual,38.00,,TRUE,TRUE,,,,,,https://cdn.shopify.com/s/files/1/0693/6425/2915/files/dark_heather.jpg?v=1753357492,kg,
gildan-5000-heavy-cotton-t-shirt,,,,,,,,Dark Heather,,MD,,4 Print Areas,GILDAN_5000_DARK_HEATHER_M_02,0,,,continue,manual,48.00,,TRUE,TRUE,,,,,,https://cdn.shopify.com/s/files/1/0693/6425/2915/files/dark_heather.jpg?v=1753357492,kg,
gildan-5000-heavy-cotton-t-shirt,,,,,,,,Dark Heather,,LG,,1 Print Area,GILDAN_5000_DARK_HEATHER_L_03,0,,,continue,manual,18.00,,TRUE,TRUE,,,,,,https://cdn.shopify.com/s/files/1/0693/6425/2915/files/dark_heather.jpg?v=1753357492,kg,
gildan-5000-heavy-cotton-t-shirt,,,,,,,,Dark Heather,,LG,,2 Print Areas,GILDAN_5000_DARK_HEATHER_L_03,0,,,continue,manual,28.00,,TRUE,TRUE,,,,,,https://cdn.shopify.com/s/files/1/0693/6425/2915/files/dark_heather.jpg?v=1753357492,kg,
gildan-5000-heavy-cotton-t-shirt,,,,,,,,Dark Heather,,LG,,3 Print Areas,GILDAN_5000_DARK_HEATHER_L_03,0,,,continue,manual,38.00,,TRUE,TRUE,,,,,,https://cdn.shopify.com/s/files/1/0693/6425/2915/files/dark_heather.jpg?v=1753357492,kg,
gildan-5000-heavy-cotton-t-shirt,,,,,,,,Dark Heather,,LG,,4 Print Areas,GILDAN_5000_DARK_HEATHER_L_03,0,,,continue,manual,48.00,,TRUE,TRUE,,,,,,https://cdn.shopify.com/s/files/1/0693/6425/2915/files/dark_heather.jpg?v=1753357492,kg,
gildan-5000-heavy-cotton-t-shirt,,,,,,,,Dark Heather,,XL,,1 Print Area,GILDAN_5000_DARK_HEATHER_XL_04,0,,,continue,manual,18.00,,TRUE,TRUE,,,,,,https://cdn.shopify.com/s/files/1/0693/6425/2915/files/dark_heather.jpg?v=1753357492,kg,
gildan-5000-heavy-cotton-t-shirt,,,,,,,,Dark Heather,,XL,,2 Print Areas,GILDAN_5000_DARK_HEATHER_XL_04,0,,,continue,manual,28.00,,TRUE,TRUE,,,,,,https://cdn.shopify.com/s/files/1/0693/6425/2915/files/dark_heather.jpg?v=1753357492,kg,
gildan-5000-heavy-cotton-t-shirt,,,,,,,,Dark Heather,,XL,,3 Print Areas,GILDAN_5000_DARK_HEATHER_XL_04,0,,,continue,manual,38.00,,TRUE,TRUE,,,,,,https://cdn.shopify.com/s/files/1/0693/6425/2915/files/dark_heather.jpg?v=1753357492,kg,
gildan-5000-heavy-cotton-t-shirt,,,,,,,,Dark Heather,,XL,,4 Print Areas,GILDAN_5000_DARK_HEATHER_XL_04,0,,,continue,manual,48.00,,TRUE,TRUE,,,,,,https://cdn.shopify.com/s/files/1/0693/6425/2915/files/dark_heather.jpg?v=1753357492,kg,
gildan-5000-heavy-cotton-t-shirt,,,,,,,,Dark Heather,,2XL,,1 Print Area,GILDAN_5000_DARK_HEATHER_2XL_05,0,,,continue,manual,22.00,,TRUE,TRUE,,,,,,https://cdn.shopify.com/s/files/1/0693/6425/2915/files/dark_heather.jpg?v=1753357492,kg,
gildan-5000-heavy-cotton-t-shirt,,,,,,,,Dark Heather,,2XL,,2 Print Areas,GILDAN_5000_DARK_HEATHER_2XL_05,0,,,continue,manual,32.00,,TRUE,TRUE,,,,,,https://cdn.shopify.com/s/files/1/0693/6425/2915/files/dark_heather.jpg?v=1753357492,kg,
gildan-5000-heavy-cotton-t-shirt,,,,,,,,Dark Heather,,2XL,,3 Print Areas,GILDAN_5000_DARK_HEATHER_2XL_05,0,,,continue,manual,42.00,,TRUE,TRUE,,,,,,https://cdn.shopify.com/s/files/1/0693/6425/2915/files/dark_heather.jpg?v=1753357492,kg,
gildan-5000-heavy-cotton-t-shirt,,,,,,,,Dark Heather,,2XL,,4 Print Areas,GILDAN_5000_DARK_HEATHER_2XL_05,0,,,continue,manual,52.00,,TRUE,TRUE,,,,,,https://cdn.shopify.com/s/files/1/0693/6425/2915/files/dark_heather.jpg?v=1753357492,kg,
gildan-5000-heavy-cotton-t-shirt,,,,,,,,Dark Heather,,3XL,,1 Print Area,GILDAN_5000_DARK_HEATHER_3XL_06,0,,,continue,manual,24.00,,TRUE,TRUE,,,,,,https://cdn.shopify.com/s/files/1/0693/6425/2915/files/dark_heather.jpg?v=1753357492,kg,
gildan-5000-heavy-cotton-t-shirt,,,,,,,,Dark Heather,,3XL,,2 Print Areas,GILDAN_5000_DARK_HEATHER_3XL_06,0,,,continue,manual,34.00,,TRUE,TRUE,,,,,,https://cdn.shopify.com/s/files/1/0693/6425/2915/files/dark_heather.jpg?v=1753357492,kg,
gildan-5000-heavy-cotton-t-shirt,,,,,,,,Dark Heather,,3XL,,3 Print Areas,GILDAN_5000_DARK_HEATHER_3XL_06,0,,,continue,manual,44.00,,TRUE,TRUE,,,,,,https://cdn.shopify.com/s/files/1/0693/6425/2915/files/dark_heather.jpg?v=1753357492,kg,
gildan-5000-heavy-cotton-t-shirt,,,,,,,,Dark Heather,,3XL,,4 Print Areas,GILDAN_5000_DARK_HEATHER_3XL_06,0,,,continue,manual,54.00,,TRUE,TRUE,,,,,,https://cdn.shopify.com/s/files/1/0693/6425/2915/files/dark_heather.jpg?v=1753357492,kg,
gildan-5000-heavy-cotton-t-shirt,,,,,,,,Dark Heather,,4XL,,1 Print Area,GILDAN_5000_DARK_HEATHER_4XL_07,0,,,continue,manual,24.00,,TRUE,TRUE,,,,,,https://cdn.shopify.com/s/files/1/0693/6425/2915/files/dark_heather.jpg?v=1753357492,kg,
gildan-5000-heavy-cotton-t-shirt,,,,,,,,Dark Heather,,4XL,,2 Print Areas,GILDAN_5000_DARK_HEATHER_4XL_07,0,,,continue,manual,34.00,,TRUE,TRUE,,,,,,https://cdn.shopify.com/s/files/1/0693/6425/2915/files/dark_heather.jpg?v=1753357492,kg,
gildan-5000-heavy-cotton-t-shirt,,,,,,,,,,,,,,,,,,,,,,,,https://cdn.shopify.com/s/files/1/0693/6425/2915/files/black_front_ac445d26-ca58-41d5-a5ff-f70c1caecc3e.jpg?v=1753357491,2,Front,,,,
gildan-5000-heavy-cotton-t-shirt,,,,,,,,,,,,,,,,,,,,,,,,https://cdn.shopify.com/s/files/1/0693/6425/2915/files/white_front_57200f79-432e-4254-92f8-434dce4f15f0.jpg?v=1753357491,3,Front,,,,
gildan-5000-heavy-cotton-t-shirt,,,,,,,,,,,,,,,,,,,,,,,,https://cdn.shopify.com/s/files/1/0693/6425/2915/files/charcoal_front.jpg?v=1753357491,4,Front,,,,
gildan-5000-heavy-cotton-t-shirt,,,,,,,,,,,,,,,,,,,,,,,,https://cdn.shopify.com/s/files/1/0693/6425/2915/files/sport_grey_fornt.jpg?v=1753357492,5,Front,,,,
gildan-5000-heavy-cotton-t-shirt,,,,,,,,,,,,,,,,,,,,,,,,https://cdn.shopify.com/s/files/1/0693/6425/2915/files/navy_front_a13f69ff-cffc-4f59-b8bb-f63c010f6519.jpg?v=1753357492,6,Front,,,,
gildan-5000-heavy-cotton-t-shirt,,,,,,,,,,,,,,,,,,,,,,,,https://cdn.shopify.com/s/files/1/0693/6425/2915/files/natural_front.jpg?v=1753357492,7,Front,,,,
gildan-5000-heavy-cotton-t-shirt,,,,,,,,,,,,,,,,,,,,,,,,https://cdn.shopify.com/s/files/1/0693/6425/2915/files/dark_heather.jpg?v=1753357492,8,Front,,,,
gildan-5000-heavy-cotton-t-shirt,,,,,,,,,,,,,,,,,,,,,,,,https://cdn.shopify.com/s/files/1/0693/6425/2915/files/red_front_2cae050e-e29e-48ae-aae1-360be9b90c96.jpg?v=1753357493,9,Front,,,,
gildan-5000-heavy-cotton-t-shirt,,,,,,,,,,,,,,,,,,,,,,,,https://cdn.shopify.com/s/files/1/0693/6425/2915/files/1200W-625-Heliconia-12-5000HeliconiaFlatFront3.jpg?v=1753357493,10,Front,,,,
gildan-5000-heavy-cotton-t-shirt,,,,,,,,,,,,,,,,,,,,,,,,https://cdn.shopify.com/s/files/1/0693/6425/2915/files/1200W-625-Heliconia-13-5000HeliconiaFlatBack3.jpg?v=1753357493,11,Back,,,,
gildan-5000-heavy-cotton-t-shirt,,,,,,,,,,,,,,,,,,,,,,,,https://cdn.shopify.com/s/files/1/0693/6425/2915/files/1200W-625-OldGold-12-5000OldGoldFlatFront3.jpg?v=1753357493,12,Front,,,,
gildan-5000-heavy-cotton-t-shirt,,,,,,,,,,,,,,,,,,,,,,,,https://cdn.shopify.com/s/files/1/0693/6425/2915/files/1200W-625-OldGold-13-5000OldGoldFlatBack3.jpg?v=1753357493,13,Back,,,,
gildan-5000-heavy-cotton-t-shirt,,,,,,,,,,,,,,,,,,,,,,,,https://cdn.shopify.com/s/files/1/0693/6425/2915/files/1200W-625-AntqIrshGn-12-5000AntqIrshGnFlatFront3.jpg?v=1753357494,14,Front,,,,
gildan-5000-heavy-cotton-t-shirt,,,,,,,,,,,,,,,,,,,,,,,,https://cdn.shopify.com/s/files/1/0693/6425/2915/files/1200W-625-AntqIrshGn-13-5000AntqIrshGnFlatBack3.jpg?v=1753357494,15,Back,,,,
gildan-5000-heavy-cotton-t-shirt,,,,,,,,,,,,,,,,,,,,,,,,https://cdn.shopify.com/s/files/1/0693/6425/2915/files/1200W-625-Sky-12-5000SkyFlatFront1.jpg?v=1753357494,16,Front,,,,
gildan-5000-heavy-cotton-t-shirt,,,,,,,,,,,,,,,,,,,,,,,,https://cdn.shopify.com/s/files/1/0693/6425/2915/files/1200W-625-Sky-13-5000SkyFlatBack1.jpg?v=1753357494,17,Back,,,,
gildan-5000-heavy-cotton-t-shirt,,,,,,,,,,,,,,,,,,,,,,,,https://cdn.shopify.com/s/files/1/0693/6425/2915/files/1200W-625-SftyGrn-13-5000SftyGrnFlatBack1.jpg?v=1753357494,18,Back,,,,
gildan-5000-heavy-cotton-t-shirt,,,,,,,,,,,,,,,,,,,,,,,,https://cdn.shopify.com/s/files/1/0693/6425/2915/files/1200W-625-SftyGrn-12-5000SftyGrnFlatFront1.jpg?v=1753357494,19,Front,,,,
gildan-5000-heavy-cotton-t-shirt,,,,,,,,,,,,,,,,,,,,,,,,https://cdn.shopify.com/s/files/1/0693/6425/2915/files/1200W-625-SOrange-13-5000SOrangeFlatBack1.jpg?v=1753357495,20,Back,,,,
gildan-5000-heavy-cotton-t-shirt,,,,,,,,,,,,,,,,,,,,,,,,https://cdn.shopify.com/s/files/1/0693/6425/2915/files/1200W-625-Sapphire-12-5000SapphireFlatFront1.jpg?v=1753357495,21,Front,,,,
gildan-5000-heavy-cotton-t-shirt,,,,,,,,,,,,,,,,,,,,,,,,https://cdn.shopify.com/s/files/1/0693/6425/2915/files/1200W-625-Sapphire-13-5000SapphireFlatBack1.jpg?v=1753357495,22,Back,,,,
gildan-5000-heavy-cotton-t-shirt,,,,,,,,,,,,,,,,,,,,,,,,https://cdn.shopify.com/s/files/1/0693/6425/2915/files/1200W-625-SOrange-12-5000SOrangeFlatFront1.jpg?v=1753357495,23,Front,,,,
gildan-5000-heavy-cotton-t-shirt,,,,,,,,,,,,,,,,,,,,,,,,https://cdn.shopify.com/s/files/1/0693/6425/2915/files/1200W-625-Royal-12-5000RoyalFlatFront3.jpg?v=1753357495,24,Front,,,,
gildan-5000-heavy-cotton-t-shirt,,,,,,,,,,,,,,,,,,,,,,,,https://cdn.shopify.com/s/files/1/0693/6425/2915/files/1200W-625-Royal-13-5000RoyalFlatBack3.jpg?v=1753357495,25,Back,,,,
gildan-5000-heavy-cotton-t-shirt,,,,,,,,,,,,,,,,,,,,,,,,https://cdn.shopify.com/s/files/1/0693/6425/2915/files/1200W-625-Berry-12-5000BerryFlatFront3.jpg?v=1753357496,26,Front,,,,
gildan-5000-heavy-cotton-t-shirt,,,,,,,,,,,,,,,,,,,,,,,,https://cdn.shopify.com/s/files/1/0693/6425/2915/files/1200W-625-Berry-13-5000BerryFlatBack3.jpg?v=1753357496,27,Back,,,,
gildan-5000-heavy-cotton-t-shirt,,,,,,,,,,,,,,,,,,,,,,,,https://cdn.shopify.com/s/files/1/0693/6425/2915/files/1200W-625-CardinalRd-12-5000CardinalRdFlatFront3.jpg?v=1753357496,28,Front,,,,
gildan-5000-heavy-cotton-t-shirt,,,,,,,,,,,,,,,,,,,,,,,,https://cdn.shopify.com/s/files/1/0693/6425/2915/files/1200W-625-CardinalRd-13-5000CardinalRdFlatBack3.jpg?v=1753357496,29,Back,,,,
gildan-5000-heavy-cotton-t-shirt,,,,,,,,,,,,,,,,,,,,,,,,https://cdn.shopify.com/s/files/1/0693/6425/2915/files/1200W-625-CarolinaBl-12-5000CarolinaBlFlatFront3.jpg?v=1753357496,30,Front,,,,
gildan-5000-heavy-cotton-t-shirt,,,,,,,,,,,,,,,,,,,,,,,,https://cdn.shopify.com/s/files/1/0693/6425/2915/files/1200W-625-CarolinaBl-13-5000CarolinaBlFlatBack3.jpg?v=1753357496,31,Back,,,,
gildan-5000-heavy-cotton-t-shirt,,,,,,,,,,,,,,,,,,,,,,,,https://cdn.shopify.com/s/files/1/0693/6425/2915/files/1200W-625-ForestGrn-12-5000ForestGrnFlatFront3.jpg?v=1753357497,32,Front,,,,
gildan-5000-heavy-cotton-t-shirt,,,,,,,,,,,,,,,,,,,,,,,,https://cdn.shopify.com/s/files/1/0693/6425/2915/files/1200W-625-ForestGrn-13-5000ForestGrnFlatBack3.jpg?v=1753357497,33,Back,,,,
gildan-5000-heavy-cotton-t-shirt,,,,,,,,,,,,,,,,,,,,,,,,https://cdn.shopify.com/s/files/1/0693/6425/2915/files/1200W-625-GphHeather-12-5000GphHeatherFlatFront3.jpg?v=1753357497,34,Front,,,,
gildan-5000-heavy-cotton-t-shirt,,,,,,,,,,,,,,,,,,,,,,,,https://cdn.shopify.com/s/files/1/0693/6425/2915/files/1200W-625-GphHeather-13-5000GphHeatherFlatBack3.jpg?v=1753357497,35,Back,,,,
gildan-5000-heavy-cotton-t-shirt,,,,,,,,,,,,,,,,,,,,,,,,https://cdn.shopify.com/s/files/1/0693/6425/2915/files/1200W-625-Gravel-12-5000GravelFlatFront3.jpg?v=1753357497,36,Front,,,,
gildan-5000-heavy-cotton-t-shirt,,,,,,,,,,,,,,,,,,,,,,,,https://cdn.shopify.com/s/files/1/0693/6425/2915/files/1200W-625-Gravel-13-5000GravelFlatBack3.jpg?v=1753357498,37,Back,,,,
gildan-5000-heavy-cotton-t-shirt,,,,,,,,,,,,,,,,,,,,,,,,https://cdn.shopify.com/s/files/1/0693/6425/2915/files/1200W-625-HtMltGrn-12-5000HtMltGrnFlatFront3.jpg?v=1753357498,38,Front,,,,
gildan-5000-heavy-cotton-t-shirt,,,,,,,,,,,,,,,,,,,,,,,,https://cdn.shopify.com/s/files/1/0693/6425/2915/files/1200W-625-HtMltGrn-13-5000HtMltGrnFlatBack3.jpg?v=1753357498,39,Back,,,,
gildan-5000-heavy-cotton-t-shirt,,,,,,,,,,,,,,,,,,,,,,,,https://cdn.shopify.com/s/files/1/0693/6425/2915/files/1200W-625-HtSapphire-12-5000HtSapphireFlatFront4.jpg?v=1753357498,40,Front,,,,
gildan-5000-heavy-cotton-t-shirt,,,,,,,,,,,,,,,,,,,,,,,,https://cdn.shopify.com/s/files/1/0693/6425/2915/files/1200W-625-HtSapphire-13-5000HtSapphireFlatBack4.jpg?v=1753357498,41,Back,,,,
gildan-5000-heavy-cotton-t-shirt,,,,,,,,,,,,,,,,,,,,,,,,https://cdn.shopify.com/s/files/1/0693/6425/2915/files/1200W-625-HthrNavy-12-5000HthrNavyFlatFront5.jpg?v=1753357498,42,Front,,,,
gildan-5000-heavy-cotton-t-shirt,,,,,,,,,,,,,,,,,,,,,,,,https://cdn.shopify.com/s/files/1/0693/6425/2915/files/1200W-625-HthrNavy-13-5000HthrNavyFlatBack5.jpg?v=1753357499,43,Back,,,,
gildan-5000-heavy-cotton-t-shirt,,,,,,,,,,,,,,,,,,,,,,,,https://cdn.shopify.com/s/files/1/0693/6425/2915/files/1200W-625-HthrRed-12-5000HthrRedFlatFront3.jpg?v=1753357499,44,Front,,,,
gildan-5000-heavy-cotton-t-shirt,,,,,,,,,,,,,,,,,,,,,,,,https://cdn.shopify.com/s/files/1/0693/6425/2915/files/1200W-625-HthrRed-13-5000HthrRedFlatBack3.jpg?v=1753357499,45,Back,,,,
gildan-5000-heavy-cotton-t-shirt,,,,,,,,,,,,,,,,,,,,,,,,https://cdn.shopify.com/s/files/1/0693/6425/2915/files/1200W-625-IndigoBlue-12-5000IndigoBlueFlatFront3.jpg?v=1753357499,46,Front,,,,
gildan-5000-heavy-cotton-t-shirt,,,,,,,,,,,,,,,,,,,,,,,,https://cdn.shopify.com/s/files/1/0693/6425/2915/files/1200W-625-IndigoBlue-13-5000IndigoBlueFlatBack3.jpg?v=1753357499,47,Back,,,,
gildan-5000-heavy-cotton-t-shirt,,,,,,,,,,,,,,,,,,,,,,,,https://cdn.shopify.com/s/files/1/0693/6425/2915/files/1200W-625-IrishGreen-12-5000IrishGreenFlatFront3.jpg?v=1753357499,48,Front,,,,
gildan-5000-heavy-cotton-t-shirt,,,,,,,,,,,,,,,,,,,,,,,,https://cdn.shopify.com/s/files/1/0693/6425/2915/files/1200W-625-IrishGreen-13-5000IrishGreenFlatBack3.jpg?v=1753357500,49,Back,,,,
gildan-5000-heavy-cotton-t-shirt,,,,,,,,,,,,,,,,,,,,,,,,https://cdn.shopify.com/s/files/1/0693/6425/2915/files/1200W-625-LightBlue-12-5000LightBlueFlatFront5.jpg?v=1753357500,50,Front,,,,
gildan-5000-heavy-cotton-t-shirt,,,,,,,,,,,,,,,,,,,,,,,,https://cdn.shopify.com/s/files/1/0693/6425/2915/files/1200W-625-LightBlue-13-5000LightBlueFlatBack5.jpg?v=1753357500,51,Back,,,,
gildan-5000-heavy-cotton-t-shirt,,,,,,,,,,,,,,,,,,,,,,,,https://cdn.shopify.com/s/files/1/0693/6425/2915/files/1200W-625-LightPink-12-5000LightPinkFlatFront5.jpg?v=1753357500,52,Front,,,,
gildan-5000-heavy-cotton-t-shirt,,,,,,,,,,,,,,,,,,,,,,,,https://cdn.shopify.com/s/files/1/0693/6425/2915/files/1200W-625-LightPink-13-5000LightPinkFlatBack5.jpg?v=1753357500,53,Back,,,,
gildan-5000-heavy-cotton-t-shirt,,,,,,,,,,,,,,,,,,,,,,,,https://cdn.shopify.com/s/files/1/0693/6425/2915/files/1200W-625-Maroon-12-5000MaroonFlatFront5.jpg?v=1753357501,54,Front,,,,
gildan-5000-heavy-cotton-t-shirt,,,,,,,,,,,,,,,,,,,,,,,,https://cdn.shopify.com/s/files/1/0693/6425/2915/files/1200W-625-Maroon-13-5000MaroonFlatBack5.jpg?v=1753357501,55,Back,,,,
gildan-5000-heavy-cotton-t-shirt,,,,,,,,,,,,,,,,,,,,,,,,https://cdn.shopify.com/s/files/1/0693/6425/2915/files/1200W-625-MintGreen-12-5000MintGreenFlatFront3.jpg?v=1753357501,56,Front,,,,
gildan-5000-heavy-cotton-t-shirt,,,,,,,,,,,,,,,,,,,,,,,,https://cdn.shopify.com/s/files/1/0693/6425/2915/files/1200W-625-MintGreen-13-5000MintGreenFlatBack3.jpg?v=1753357501,57,Back,,,,
gildan-5000-heavy-cotton-t-shirt,,,,,,,,,,,,,,,,,,,,,,,,https://cdn.shopify.com/s/files/1/0693/6425/2915/files/1200W-625-Purple-12-5000PurpleFlatFront3.jpg?v=1753357501,58,Front,,,,
gildan-5000-heavy-cotton-t-shirt,,,,,,,,,,,,,,,,,,,,,,,,https://cdn.shopify.com/s/files/1/0693/6425/2915/files/1200W-625-Purple-13-5000PurpleFlatBack3.jpg?v=1753357502,59,Back,,,,
gildan-5000-heavy-cotton-t-shirt,,,,,,,,,,,,,,,,,,,,,,,,https://cdn.shopify.com/s/files/1/0693/6425/2915/files/1200W-625-SafetyPink-12-5000SafetyPinkFlatFront3.jpg?v=1753357502,60,Front,,,,
gildan-5000-heavy-cotton-t-shirt,,,,,,,,,,,,,,,,,,,,,,,,https://cdn.shopify.com/s/files/1/0693/6425/2915/files/1200W-625-SafetyPink-13-5000SafetyPinkFlatBack3.jpg?v=1753357502,61,Back,,,,
gildan-5000-heavy-cotton-t-shirt,,,,,,,,,,,,,,,,,,,,,,,,https://cdn.shopify.com/s/files/1/0693/6425/2915/files/1200W-625-Violet-12-5000VioletFlatFront1.jpg?v=1753357502,62,Front,,,,
gildan-5000-heavy-cotton-t-shirt,,,,,,,,,,,,,,,,,,,,,,,,https://cdn.shopify.com/s/files/1/0693/6425/2915/files/1200W-625-Violet-13-5000VioletFlatBack1.jpg?v=1753357502,63,Back,,,,
gildan-5000-heavy-cotton-t-shirt,,,,,,,,,,,,,,,,,,,,,,,,https://cdn.shopify.com/s/files/1/0693/6425/2915/files/T-Shirt_Berry_LS.jpg?v=1753357503,64,Left Side,,,,
gildan-5000-heavy-cotton-t-shirt,,,,,,,,,,,,,,,,,,,,,,,,https://cdn.shopify.com/s/files/1/0693/6425/2915/files/T-Shirt_Berry_RS.jpg?v=1753357503,65,Right Side,,,,
gildan-5000-heavy-cotton-t-shirt,,,,,,,,,,,,,,,,,,,,,,,,https://cdn.shopify.com/s/files/1/0693/6425/2915/files/T-Shirt_Cardinal_LS.jpg?v=1753357503,66,Left Side,,,,
gildan-5000-heavy-cotton-t-shirt,,,,,,,,,,,,,,,,,,,,,,,,https://cdn.shopify.com/s/files/1/0693/6425/2915/files/T-Shirt_Cardinal_RS.jpg?v=1753357503,67,Right Side,,,,
gildan-5000-heavy-cotton-t-shirt,,,,,,,,,,,,,,,,,,,,,,,,https://cdn.shopify.com/s/files/1/0693/6425/2915/files/T-Shirt_Carolina_Blue_LS.jpg?v=1753357503,68,Left Side,,,,
gildan-5000-heavy-cotton-t-shirt,,,,,,,,,,,,,,,,,,,,,,,,https://cdn.shopify.com/s/files/1/0693/6425/2915/files/T-Shirt_Carolina_Blue_RS.jpg?v=1753357504,69,Right Side,,,,
gildan-5000-heavy-cotton-t-shirt,,,,,,,,,,,,,,,,,,,,,,,,https://cdn.shopify.com/s/files/1/0693/6425/2915/files/T-Shirt_Forest_Green_LS.jpg?v=1753357504,70,Left Side,,,,
gildan-5000-heavy-cotton-t-shirt,,,,,,,,,,,,,,,,,,,,,,,,https://cdn.shopify.com/s/files/1/0693/6425/2915/files/T-Shirt_Forest_Green_RS.jpg?v=1753357504,71,Right Side,,,,
gildan-5000-heavy-cotton-t-shirt,,,,,,,,,,,,,,,,,,,,,,,,https://cdn.shopify.com/s/files/1/0693/6425/2915/files/T-Shirt_Graphite_Heather_LS.jpg?v=1753357504,72,Left Side,,,,
gildan-5000-heavy-cotton-t-shirt,,,,,,,,,,,,,,,,,,,,,,,,https://cdn.shopify.com/s/files/1/0693/6425/2915/files/T-Shirt_Graphite_Heather_RS.jpg?v=1753357504,73,Right Side,,,,
gildan-5000-heavy-cotton-t-shirt,,,,,,,,,,,,,,,,,,,,,,,,https://cdn.shopify.com/s/files/1/0693/6425/2915/files/T-Shirt_Gravel_LS.jpg?v=1753357504,74,Left Side,,,,
gildan-5000-heavy-cotton-t-shirt,,,,,,,,,,,,,,,,,,,,,,,,https://cdn.shopify.com/s/files/1/0693/6425/2915/files/T-Shirt_Gravel_RS.jpg?v=1753357505,75,Right Side,,,,
gildan-5000-heavy-cotton-t-shirt,,,,,,,,,,,,,,,,,,,,,,,,https://cdn.shopify.com/s/files/1/0693/6425/2915/files/T-Shirt_Heather_Military_Green_LS.jpg?v=1753357505,76,Left Side,,,,
gildan-5000-heavy-cotton-t-shirt,,,,,,,,,,,,,,,,,,,,,,,,https://cdn.shopify.com/s/files/1/0693/6425/2915/files/T-Shirt_Heather_Military_Green_RS.jpg?v=1753357505,77,Right Side,,,,
gildan-5000-heavy-cotton-t-shirt,,,,,,,,,,,,,,,,,,,,,,,,https://cdn.shopify.com/s/files/1/0693/6425/2915/files/T-Shirt_Heather_Navy_RS1.jpg?v=1753357505,78,Right Side,,,,
gildan-5000-heavy-cotton-t-shirt,,,,,,,,,,,,,,,,,,,,,,,,https://cdn.shopify.com/s/files/1/0693/6425/2915/files/T-Shirt_Heather_Navy_LS-15.jpg?v=1753357505,79,Left Side,,,,
gildan-5000-heavy-cotton-t-shirt,,,,,,,,,,,,,,,,,,,,,,,,https://cdn.shopify.com/s/files/1/0693/6425/2915/files/T-Shirt_Heather_Red_LS.jpg?v=1753357506,80,Left Side,,,,
gildan-5000-heavy-cotton-t-shirt,,,,,,,,,,,,,,,,,,,,,,,,https://cdn.shopify.com/s/files/1/0693/6425/2915/files/T-Shirt_Heather_Red_RS.jpg?v=1753357506,81,Right Side,,,,
gildan-5000-heavy-cotton-t-shirt,,,,,,,,,,,,,,,,,,,,,,,,https://cdn.shopify.com/s/files/1/0693/6425/2915/files/T-Shirt_Heather_Sapphire_LS.jpg?v=1753357506,82,Left Side,,,,
gildan-5000-heavy-cotton-t-shirt,,,,,,,,,,,,,,,,,,,,,,,,https://cdn.shopify.com/s/files/1/0693/6425/2915/files/T-Shirt_Heather_Sapphire_RS.jpg?v=1753357506,83,Right Side,,,,
gildan-5000-heavy-cotton-t-shirt,,,,,,,,,,,,,,,,,,,,,,,,https://cdn.shopify.com/s/files/1/0693/6425/2915/files/T-Shirt_Indigo_Blue_LS.jpg?v=1753357506,84,Left Side,,,,
gildan-5000-heavy-cotton-t-shirt,,,,,,,,,,,,,,,,,,,,,,,,https://cdn.shopify.com/s/files/1/0693/6425/2915/files/T-Shirt_Indigo_Blue_RS.jpg?v=1753357507,85,Right Side,,,,
gildan-5000-heavy-cotton-t-shirt,,,,,,,,,,,,,,,,,,,,,,,,https://cdn.shopify.com/s/files/1/0693/6425/2915/files/T-Shirt_Irish_Green_LS.jpg?v=1753357507,86,Left Side,,,,
gildan-5000-heavy-cotton-t-shirt,,,,,,,,,,,,,,,,,,,,,,,,https://cdn.shopify.com/s/files/1/0693/6425/2915/files/T-Shirt_Irish_Green_RS.jpg?v=1753357507,87,Right Side,,,,
gildan-5000-heavy-cotton-t-shirt,,,,,,,,,,,,,,,,,,,,,,,,https://cdn.shopify.com/s/files/1/0693/6425/2915/files/T-Shirt_Light_Blue_LS.jpg?v=1753357507,88,Left Side,,,,
gildan-5000-heavy-cotton-t-shirt,,,,,,,,,,,,,,,,,,,,,,,,https://cdn.shopify.com/s/files/1/0693/6425/2915/files/T-Shirt_Light_Blue_RS.jpg?v=1753357507,89,Right Side,,,,
gildan-5000-heavy-cotton-t-shirt,,,,,,,,,,,,,,,,,,,,,,,,https://cdn.shopify.com/s/files/1/0693/6425/2915/files/T-Shirt_Light_Pink_LS.jpg?v=1753357508,90,Left Side,,,,
gildan-5000-heavy-cotton-t-shirt,,,,,,,,,,,,,,,,,,,,,,,,https://cdn.shopify.com/s/files/1/0693/6425/2915/files/T-Shirt_Light_Pink_RS.jpg?v=1753357508,91,Right Side,,,,
gildan-5000-heavy-cotton-t-shirt,,,,,,,,,,,,,,,,,,,,,,,,https://cdn.shopify.com/s/files/1/0693/6425/2915/files/T-Shirt_Maroon_LS.jpg?v=1753357508,92,Left Side,,,,
gildan-5000-heavy-cotton-t-shirt,,,,,,,,,,,,,,,,,,,,,,,,https://cdn.shopify.com/s/files/1/0693/6425/2915/files/T-Shirt_Maroon_RS.jpg?v=1753357508,93,Right Side,,,,
gildan-5000-heavy-cotton-t-shirt,,,,,,,,,,,,,,,,,,,,,,,,https://cdn.shopify.com/s/files/1/0693/6425/2915/files/T-Shirt_Mint_Green_LS.jpg?v=1753357508,94,Left Side,,,,
gildan-5000-heavy-cotton-t-shirt,,,,,,,,,,,,,,,,,,,,,,,,https://cdn.shopify.com/s/files/1/0693/6425/2915/files/T-Shirt_Mint_Green_RS.jpg?v=1753357508,95,Right Side,,,,
gildan-5000-heavy-cotton-t-shirt,,,,,,,,,,,,,,,,,,,,,,,,https://cdn.shopify.com/s/files/1/0693/6425/2915/files/T-Shirt_Purple_LS.jpg?v=1753357509,96,Left Side,,,,
gildan-5000-heavy-cotton-t-shirt,,,,,,,,,,,,,,,,,,,,,,,,https://cdn.shopify.com/s/files/1/0693/6425/2915/files/T-Shirt_Purple_RS.jpg?v=1753357509,97,Right Side,,,,
gildan-5000-heavy-cotton-t-shirt,,,,,,,,,,,,,,,,,,,,,,,,https://cdn.shopify.com/s/files/1/0693/6425/2915/files/T-Shirt_Safety_Pink_LS.jpg?v=1753357509,98,Left Side,,,,
gildan-5000-heavy-cotton-t-shirt,,,,,,,,,,,,,,,,,,,,,,,,https://cdn.shopify.com/s/files/1/0693/6425/2915/files/T-Shirt_Safety_Pink_RS.jpg?v=1753357509,99,Right Side,,,,
gildan-5000-heavy-cotton-t-shirt,,,,,,,,,,,,,,,,,,,,,,,,https://cdn.shopify.com/s/files/1/0693/6425/2915/files/T-Shirt_Violet_LS.jpg?v=1753357509,100,Left Side,,,,
gildan-5000-heavy-cotton-t-shirt,,,,,,,,,,,,,,,,,,,,,,,,https://cdn.shopify.com/s/files/1/0693/6425/2915/files/T-Shirt_Violet_RS.jpg?v=1753357510,101,Right Side,,,,
gildan-5000-heavy-cotton-t-shirt,,,,,,,,,,,,,,,,,,,,,,,,https://cdn.shopify.com/s/files/1/0693/6425/2915/files/1200W-625-Ash-12-5000AshFlatFront3.jpg?v=1753357510,102,Front,,,,
gildan-5000-heavy-cotton-t-shirt,,,,,,,,,,,,,,,,,,,,,,,,https://cdn.shopify.com/s/files/1/0693/6425/2915/files/1200W-625-Ash-13-5000AshFlatBack3.jpg?v=1753357510,103,Back,,,,
gildan-5000-heavy-cotton-t-shirt,,,,,,,,,,,,,,,,,,,,,,,,https://cdn.shopify.com/s/files/1/0693/6425/2915/files/1200W-625-AntqJadeDm-12-5000AntqJadeDmFlatFront3.jpg?v=1753357510,104,Front,,,,
gildan-5000-heavy-cotton-t-shirt,,,,,,,,,,,,,,,,,,,,,,,,https://cdn.shopify.com/s/files/1/0693/6425/2915/files/1200W-625-BrnSavana-12-5000BrnSavanaFlatFront3.jpg?v=1753357510,105,Front,,,,
gildan-5000-heavy-cotton-t-shirt,,,,,,,,,,,,,,,,,,,,,,,,https://cdn.shopify.com/s/files/1/0693/6425/2915/files/1200W-625-BrnSavana-13-5000BrnSavanaFlatBack3.jpg?v=1753357511,106,Back,,,,
gildan-5000-heavy-cotton-t-shirt,,,,,,,,,,,,,,,,,,,,,,,,https://cdn.shopify.com/s/files/1/0693/6425/2915/files/1200W-625-DkChoc-12-5000DkChocFlatFront3.jpg?v=1753357511,107,Front,,,,
gildan-5000-heavy-cotton-t-shirt,,,,,,,,,,,,,,,,,,,,,,,,https://cdn.shopify.com/s/files/1/0693/6425/2915/files/1200W-625-DkChoc-13-5000DkChocFlatBack3.jpg?v=1753357511,108,Back,,,,
gildan-5000-heavy-cotton-t-shirt,,,,,,,,,,,,,,,,,,,,,,,,https://cdn.shopify.com/s/files/1/0693/6425/2915/files/1200W-625-Garnet-12-5000GarnetFlatFront3.jpg?v=1753357511,109,Front,,,,
gildan-5000-heavy-cotton-t-shirt,,,,,,,,,,,,,,,,,,,,,,,,https://cdn.shopify.com/s/files/1/0693/6425/2915/files/1200W-625-Garnet-13-5000GarnetFlatBack3.jpg?v=1753357511,110,Back,,,,
gildan-5000-heavy-cotton-t-shirt,,,,,,,,,,,,,,,,,,,,,,,,https://cdn.shopify.com/s/files/1/0693/6425/2915/files/1200W-625-Midnight-12-5000MidnightFlatFront3.jpg?v=1753357511,111,Front,,,,
gildan-5000-heavy-cotton-t-shirt,,,,,,,,,,,,,,,,,,,,,,,,https://cdn.shopify.com/s/files/1/0693/6425/2915/files/1200W-625-Midnight-13-5000MidnightFlatBack3.jpg?v=1753357512,112,Back,,,,
gildan-5000-heavy-cotton-t-shirt,,,,,,,,,,,,,,,,,,,,,,,,https://cdn.shopify.com/s/files/1/0693/6425/2915/files/1200W-625-MilGreen-12-5000MilGreenFlatFront3.jpg?v=1753357512,113,Front,,,,
gildan-5000-heavy-cotton-t-shirt,,,,,,,,,,,,,,,,,,,,,,,,https://cdn.shopify.com/s/files/1/0693/6425/2915/files/1200W-625-MilGreen-13-5000MilGreenFlatBack3.jpg?v=1753357512,114,Back,,,,
gildan-5000-heavy-cotton-t-shirt,,,,,,,,,,,,,,,,,,,,,,,,https://cdn.shopify.com/s/files/1/0693/6425/2915/files/1200W-625-OldGold-12-5000OldGoldFlatFront3_8524a3bb-7157-4a25-a3de-b2dd4326b307.jpg?v=1753357512,115,Front,,,,
gildan-5000-heavy-cotton-t-shirt,,,,,,,,,,,,,,,,,,,,,,,,https://cdn.shopify.com/s/files/1/0693/6425/2915/files/1200W-625-OldGold-13-5000OldGoldFlatBack3_8a149233-fa55-4189-a92c-9ed77174e607.jpg?v=1753357512,116,Back,,,,
gildan-5000-heavy-cotton-t-shirt,,,,,,,,,,,,,,,,,,,,,,,,https://cdn.shopify.com/s/files/1/0693/6425/2915/files/1200W-625-YellowHaze-12-5000YellowHazeFlatFront1.jpg?v=1753357513,117,Front,,,,
gildan-5000-heavy-cotton-t-shirt,,,,,,,,,,,,,,,,,,,,,,,,https://cdn.shopify.com/s/files/1/0693/6425/2915/files/1200W-625-YellowHaze-13-5000YellowHazeFlatBack1.jpg?v=1753357513,118,Back,,,,
gildan-5000-heavy-cotton-t-shirt,,,,,,,,,,,,,,,,,,,,,,,,https://cdn.shopify.com/s/files/1/0693/6425/2915/files/1200W-625-AntqJadeDm-13-5000AntqJadeDmFlatBack3.jpg?v=1753357513,119,Back,,,,
gildan-5000-heavy-cotton-t-shirt,,,,,,,,,,,,,,,,,,,,,,,,https://cdn.shopify.com/s/files/1/0693/6425/2915/files/1200W-625-Gold-12-5000GoldFlatFront3.jpg?v=1753357513,120,Front,,,,
gildan-5000-heavy-cotton-t-shirt,,,,,,,,,,,,,,,,,,,,,,,,https://cdn.shopify.com/s/files/1/0693/6425/2915/files/1200W-625-Gold-13-5000GoldFlatBack3.jpg?v=1753357513,121,Back,,,,
gildan-5000-heavy-cotton-t-shirt,,,,,,,,,,,,,,,,,,,,,,,,https://cdn.shopify.com/s/files/1/0693/6425/2915/files/1200W-625-TennOrange-12-5000TennOrangeFlatFront1.jpg?v=1753357514,122,Front,,,,
gildan-5000-heavy-cotton-t-shirt,,,,,,,,,,,,,,,,,,,,,,,,https://cdn.shopify.com/s/files/1/0693/6425/2915/files/1200W-625-TennOrange-13-5000TennOrangeFlatBack1.jpg?v=1753357514,123,Back,,,,
gildan-5000-heavy-cotton-t-shirt,,,,,,,,,,,,,,,,,,,,,,,,https://cdn.shopify.com/s/files/1/0693/6425/2915/files/1200W-625-AZALEA-12-5000AZALEAFlatFront2.jpg?v=1755874749,124,Front,,,,
gildan-5000-heavy-cotton-t-shirt,,,,,,,,,,,,,,,,,,,,,,,,https://cdn.shopify.com/s/files/1/0693/6425/2915/files/1200W-625-AZALEA-13-5000AZALEAFlatBack2.jpg?v=1755874749,125,Back,,,,
gildan-5000-heavy-cotton-t-shirt,,,,,,,,,,,,,,,,,,,,,,,,https://cdn.shopify.com/s/files/1/0693/6425/2915/files/1200W-625-CarolinaBl-12-5000CarolinaBlFlatFront3_990b5fa3-6d2d-4552-9017-4b5d482330cd.jpg?v=1755874749,126,Front,,,,
gildan-5000-heavy-cotton-t-shirt,,,,,,,,,,,,,,,,,,,,,,,,https://cdn.shopify.com/s/files/1/0693/6425/2915/files/1200W-625-CarolinaBl-13-5000CarolinaBlFlatBack3_11a3ca21-cb7b-446f-9627-fc3dd362dafd.jpg?v=1755874749,127,Back,,,,
gildan-5000-heavy-cotton-t-shirt,,,,,,,,,,,,,,,,,,,,,,,,https://cdn.shopify.com/s/files/1/0693/6425/2915/files/1200W-625-Sand-12-5000SandFlatFront5.jpg?v=1755874749,128,Front,,,,
gildan-5000-heavy-cotton-t-shirt,,,,,,,,,,,,,,,,,,,,,,,,https://cdn.shopify.com/s/files/1/0693/6425/2915/files/1200W-625-Sand-13-5000SandFlatBack5.jpg?v=1755874749,129,Back,,,,
gildan-5000-heavy-cotton-t-shirt,,,,,,,,,,,,,,,,,,,,,,,,https://cdn.shopify.com/s/files/1/0693/6425/2915/files/1200W-625-Sapphire-12-5000SapphireFlatFront5.jpg?v=1755874749,130,Front,,,,
gildan-5000-heavy-cotton-t-shirt,,,,,,,,,,,,,,,,,,,,,,,,https://cdn.shopify.com/s/files/1/0693/6425/2915/files/1200W-625-Sapphire-13-5000SapphireFlatBack5.jpg?v=1755874750,131,Back,,,,
gildan-5000-heavy-cotton-t-shirt,,,,,,,,,,,,,,,,,,,,,,,,https://cdn.shopify.com/s/files/1/0693/6425/2915/files/1200W-625-TxOrange-12-5000TxOrangeFlatFront1.jpg?v=1755874749,132,Front,,,,
gildan-5000-heavy-cotton-t-shirt,,,,,,,,,,,,,,,,,,,,,,,,https://cdn.shopify.com/s/files/1/0693/6425/2915/files/1200W-625-TxOrange-13-5000TxOrangeFlatBack1.jpg?v=1755874750,133,Back,,,,
